ticker,edge,horizon,p10,p25,p50,p75,p90,hit_rate,n_obs,sector,industry,name
ALMS,2.5417794024932077,120d,0.6353956768658624,2.367646908265088,2.4545453888654043,2.5033112551411967,2.6133245859798184,0.8,5,Biotech,Biotechnology,Alumis Inc.
NVDX,1.1424268299498297,120d,0.04200854366062666,0.455497732765954,1.3077807640664474,2.6125300028304523,4.323754856111247,0.9166666666666666,24,Unknown,,T-Rex 2X Long NVIDIA Daily Target ETF
ANF,0.7754218105467536,120d,-0.0031874340361922704,0.3622026184775619,0.8720089263783944,1.1104840237360463,1.1863281102670222,0.8333333333333334,30,Consumer Discretionary,Apparel Retail,Abercrombie & Fitch Co.
MSTR,0.6572574124866646,120d,-0.568121952290826,0.6833469953693636,1.0442288294817248,1.735617761347136,2.036375182871286,0.8333333333333334,30,Technology,,Strategy Inc
ZETA,0.6474510231710405,120d,-0.0974105502450086,0.10319591123433919,0.8633943260811959,0.961071043276599,1.0604407182924869,0.8,30,Technology,,Zeta Global Holdings Corp.
VERA,0.6013018471103564,120d,-0.05448226593093144,0.10393149690081999,0.7809856653571858,1.5759070849646997,2.0415685791599594,0.8333333333333334,30,Biotech,,"Vera Therapeutics, Inc."
CAVA,0.5997765690022221,120d,-0.3202653487847059,0.44290448033880264,0.8293522549894141,1.2354969483003884,1.313427763366703,0.7916666666666666,24,Consumer Discretionary,Restaurants,"CAVA Group, Inc."
NVDL,0.5976356377802698,120d,0.05293480109915703,0.10644356938205962,0.9092402205158829,1.8158621090172626,3.7828828326402215,0.9333333333333333,30,Unknown,,GraniteShares 2x Long NVDA Daily ETF
INSM,0.5558036546988714,120d,0.033420665142273265,0.3249525621543057,0.8879772545207005,1.151771703878034,1.7897456124738782,0.9333333333333333,30,Healthcare,,Insmed Incorporated
DJT,0.5476635420110961,120d,-0.39790840527262306,-0.3005522774564119,0.34228463016656696,1.442188458649814,2.056867947679667,0.6,30,Communication Services,Internet Content & Information,Trump Media & Technology Group Corp.
QXO,0.5459966984823112,120d,-0.8541485338722554,-0.14678493635706327,0.659578339788498,2.3575084555974652,3.23924241996394,0.6,30,Industrials,,"QXO, Inc."
CVNA,0.4868114715774834,120d,0.3961490193020943,0.619637919831951,1.0403778333345748,1.5685215571392068,2.649920431444708,1.0,30,Consumer Discretionary,Auto & Truck Dealerships,Carvana Co.
APGE,0.48265567288988087,120d,0.09377660030496433,0.1629369331321946,0.7236747421930159,0.945149112816742,1.9751691881240512,0.9583333333333334,24,Biotech,Biotechnology,"Apogee Therapeutics, Inc."
MMYT,0.4640864018249624,120d,-0.12092897485005205,0.22045475472388698,0.5890841370154629,0.725105198578367,0.7758973133605652,0.8333333333333334,30,Consumer Discretionary,,MakeMyTrip Limited
GBTC,0.43362804039846203,120d,-0.19294350688721623,0.1252811362410844,0.7248677294846674,0.9029568860232047,1.4331680393210102,0.8666666666666667,30,Crypto,,Grayscale Bitcoin Trust (BTC)
ELF,0.40007746631192115,120d,-0.3699406023479537,-0.2857516410803641,0.2066300593728856,0.2940902875012018,0.4270165960388847,0.6666666666666666,30,Consumer Staples,,"e.l.f. Beauty, Inc."
COIN,0.39614292165162024,120d,-0.3099293941939385,0.2046940230300312,0.6501160302456571,0.9891165027818085,1.4936044727914684,0.8,30,Financials,Financial Data & Stock Exchanges,"Coinbase Global, Inc."
NVO,0.3862169866200551,120d,-0.2956278352478942,-0.18803693129833005,0.23236791291229386,0.29910345028257385,0.44379508450711475,0.6666666666666666,30,Healthcare,,Novo Nordisk A/S
KRYS,0.3569145517358445,120d,-0.18020733096610284,-0.011303772849013544,0.4659195207169612,0.5898439154570052,0.7051575232586585,0.7333333333333333,30,Biotech,,"Krystal Biotech, Inc."
CGON,0.3479533802757684,120d,-0.14478733304750505,0.2626722665608129,0.3309409094925094,0.44891449773023906,0.46426937302406074,0.8,10,Biotech,Biotechnology,"CG Oncology, Inc."
VRT,0.3462512263870742,120d,0.1716669448773712,0.2571876027628673,0.8441382450661932,1.002550745408374,1.219211405681855,0.9666666666666667,30,Industrials,,Vertiv Holdings Co
SVIX,0.3446113751369597,120d,-0.4598008607691265,0.07966359441330578,0.3089400654881522,0.38791515094742557,0.4047415926412135,0.7666666666666667,30,Unknown,,-1x Short VIX Futures ETF
SM,0.34382941916987897,120d,-0.2329800523366656,-0.11379620982609548,0.2542677241163992,0.29765475803153524,0.3418094088339292,0.6666666666666666,30,Energy,,SM Energy Company
TTD,0.3376347528622566,120d,-0.4615882450780064,-0.10782458109973672,0.24644752960004945,0.3195300867675748,0.3681610254102041,0.6333333333333333,30,Communication Services,,"The Trade Desk, Inc."
WSM,0.326921005247513,120d,-0.13019499080094518,0.15753297518334142,0.5153093826506797,0.5856928555741306,0.74155634955739,0.8333333333333334,30,Consumer Discretionary,,"Williams-Sonoma, Inc."
ETH,0.312130522192537,120d,-0.10838206400926423,0.1058178879233227,0.15498764193767434,0.17018473518846067,0.1950773994101455,0.8,5,Unknown,,Grayscale Ethereum Staking Mini ETF Shares
CVLT,0.3111990641416228,120d,-0.2740831424164898,0.0630708642780623,0.435385334075177,0.540027304810347,0.5653212077732137,0.8666666666666667,30,Technology,Software - Application,"Commvault Systems, Inc."
DECK,0.3110195313049673,120d,-0.01807831376582739,0.09180761202509657,0.35842284640455646,0.4015440753361946,0.4755221296459697,0.8666666666666667,30,Consumer Discretionary,Footwear & Accessories,Deckers Outdoor Corporation
HBM,0.30896773006890244,120d,-0.08428520660930904,-0.04995475214966896,0.5752133188055262,0.8304602210109496,1.0547066145522066,0.7,30,Materials,,Hudbay Minerals Inc.
ETHA,0.3074712066392914,120d,-0.10979342386725732,0.10120610047516676,0.15033352178473036,0.1669402934122246,0.1909365222931648,0.8,5,Unknown,,iShares Ethereum Trust ETF
FETH,0.3072953340033001,120d,-0.10948389926274951,0.10170836146931461,0.1495726657227736,0.16535440601896956,0.19003335485260822,0.8,5,Unknown,,Fidelity Ethereum Fund Fidelity Ethereum Fund
EXK,0.29044368672291443,120d,-0.32306533327626813,-0.06050423856373119,0.6068565164781893,0.8892275800281992,0.9595147531821822,0.7333333333333333,30,Materials,,Endeavour Silver Corp.
NVDA,0.2900039179381718,120d,0.08157114435267548,0.11650104484171087,0.5506379327565877,0.9104479840709867,1.5170984357535224,0.9666666666666667,30,Technology,,NVIDIA Corporation
SFM,0.28389742547005326,120d,-0.5012554588483349,0.3034346016586896,0.6093814153100011,0.8208192505920449,0.8553015554460732,0.8666666666666667,30,Consumer Staples,,"Sprouts Farmers Market, Inc."
TLN,0.2833009359641365,120d,0.282795256290454,0.6631627352889925,0.8784358564360051,0.9203220522239193,0.942646670568737,1.0,24,Utilities,,Talen Energy Corporation
FTAI,0.2793950714104032,120d,0.38711854430392106,0.44850674125000844,0.8420210560871239,0.8985474107379708,0.9708890975366626,0.9666666666666667,30,Industrials,,FTAI Aviation Ltd.
VKTX,0.2750236406393616,120d,-0.31766064001736694,-0.11970726885739294,0.29247809083092735,1.8289910767615356,4.992616001651971,0.7,30,Biotech,,"Viking Therapeutics, Inc."
ONON,0.27450472642858137,120d,-0.08415528603064772,-0.01660549901289393,0.2868911188741675,0.3903429247831794,0.4554055825274407,0.7,30,Consumer Discretionary,,On Holding AG
TLRY,0.27015505273943846,120d,-0.2585059893175089,-0.13972884058748733,0.0807528869325348,0.17535610213463237,1.0559755449793378,0.5333333333333333,30,Healthcare,,"Tilray Brands, Inc."
PPTA,0.26829514775340146,120d,-0.24730214240821152,0.5971264168371413,0.8471304536816324,1.109459890113302,1.2306160831940192,0.8,30,Materials,,Perpetua Resources Corp.
SRPT,0.2681802461732281,120d,-0.33613916155088785,-0.16186055842456418,0.18944290028193134,0.3022317447919003,0.5856947790916526,0.6,30,Biotech,,"Sarepta Therapeutics, Inc."
BITO,0.2681603427098248,120d,-0.20659894544361282,0.09563004185303647,0.5226088530193537,0.5852949928455797,0.6412481441028597,0.8666666666666667,30,Crypto,,ProShares Bitcoin ETF
CART,0.2641102071431235,120d,0.015096210087084573,0.23072732872695878,0.3281839199678215,0.3791340950686505,0.4120416338906263,0.9166666666666666,24,Consumer Discretionary,Internet Retail,Maplebear Inc.
EAT,0.26198284629155255,120d,-0.16695320730272278,0.0807317318838981,0.6222131612277583,0.7526954366724374,0.7734359939796212,0.8333333333333334,30,Consumer Discretionary,,"Brinker International, Inc."
APP,0.259169101694685,120d,0.5729079722314296,0.6789605570560264,0.9668884232080102,1.1294238421572658,1.3756117659163805,1.0,30,Communication Services,Advertising Agencies,AppLovin Corporation
BAH,0.25896822236815115,120d,-0.16499007421590908,-0.0028046558386922438,0.1892972601175802,0.21093606582760654,0.2272386272297923,0.7333333333333333,30,Industrials,Consulting Services,Booz Allen Hamilton Holding Corporation
CRNX,0.2575681394967433,120d,0.14444775413292724,0.2765878148281911,0.5068744083884377,0.6173432852550651,0.6517419430328643,0.9333333333333333,30,Biotech,Biotechnology,"Crinetics Pharmaceuticals, Inc."
SN,0.2562576533793264,120d,0.15735266815269985,0.2810076705832555,0.5037245348341679,0.5703964934166581,0.5953033620722675,0.9583333333333334,24,Consumer Discretionary,,"SharkNinja, Inc."
TSLS,0.2547407816852121,120d,-0.4903633615451029,-0.3715806334395074,-0.015512897716919605,0.22222350339682773,0.2686535341005612,0.4,30,Unknown,,Direxion Daily TSLA Bear 1X Shares
S,0.24337527580079243,120d,-0.33552762891118326,-0.2613721748243242,0.13887636067452624,0.2547876265122373,0.2937015964591722,0.5333333333333333,30,Technology,,"SentinelOne, Inc."
RVMD,0.23499365365338898,120d,-0.047163007376868446,0.08778803280118352,0.5148405378873618,0.7370126082170227,1.065159303486877,0.7666666666666667,30,Healthcare,,"Revolution Medicines, Inc."
PRAX,0.23312324037912702,120d,0.15125321909665546,0.34859860722329705,0.8389295916969276,1.6140212414818955,4.869168132212911,0.9666666666666667,30,Healthcare,,"Praxis Precision Medicines, Inc."
MRNA,0.2297737026885136,120d,-0.6107274595411402,-0.37883488572111523,0.1035568232381111,0.6393075348229404,0.7393217607254454,0.5666666666666667,30,Healthcare,,"Moderna, Inc."
ETHE,0.22836931385935022,120d,0.05711693755752022,0.15938663217947585,0.330480453739345,0.8222750123809273,1.4105447082712257,0.9333333333333333,30,Unknown,,Grayscale Ethereum Staking ETF Shares
CRBG,0.22262435484595666,120d,-0.08326776480602872,0.024247058731050153,0.3217325190644984,0.3801664604927794,0.5400244605907394,0.8666666666666667,30,Financials,Asset Management,"Corebridge Financial, Inc."
WVE,0.21944948516068818,120d,0.03706126137052575,0.21928450667859095,0.393928140788947,1.3077129403422258,1.411079141537209,0.9666666666666667,30,Healthcare,,Wave Life Sciences Ltd.
TER,0.21823472680589573,120d,-0.19966453876510115,-0.16365854616809097,0.34329485261938186,0.4215629609192206,1.0597412350009947,0.6,30,Technology,,"Teradyne, Inc."
RDDT,0.21422837109751747,120d,0.36862436822645994,0.5413450801263682,0.8225940044672468,1.1403358260716714,1.2202211735478339,0.9,10,Communication Services,,"Reddit, Inc."
CAMT,0.21420246190513392,120d,-0.19162475378359323,0.20731459688937015,0.5361115640044913,0.7771978110441362,0.8596218679984821,0.8,30,Semiconductors,Semiconductor Equipment & Materials,Camtek Ltd.
WING,0.21203743834699185,120d,-0.2430324319347784,-0.13298962490806218,0.27735396764888387,0.6033090012503555,0.642787696777473,0.7,30,Consumer Discretionary,,Wingstop Inc.
AHR,0.21121213737299516,120d,0.29410846075553887,0.3176282645050365,0.5702158302062681,0.838158257332056,0.8583232816255968,1.0,10,Real Estate,REIT - Healthcare Facilities,"American Healthcare REIT, Inc."
FSLR,0.21056258390142013,120d,-0.21874168609544545,-0.10363940680082587,0.2295852393499045,0.5944480098341449,0.7449596392973314,0.6333333333333333,30,Energy Transition,,"First Solar, Inc."
DELL,0.20869161026901273,120d,-0.07401245759820195,0.030074040634279264,0.3829557849294244,0.8093910933166845,0.9375398930690991,0.8,30,Technology,Computer Hardware,Dell Technologies Inc.
GME,0.20796559138072945,120d,-0.37359095718362856,-0.14729156082071307,0.2435508895419416,0.6331448610169472,1.2599730334169705,0.6,30,Consumer Discretionary,,GameStop Corp.
STLA,0.20735064057009728,120d,-0.3816292268754017,-0.1708266654712287,0.05852498426484254,0.205955333520085,0.3047576768852016,0.5666666666666667,30,Consumer Discretionary,,Stellantis N.V.
PI,0.20633406785213626,120d,-0.20238036970047904,-0.012197775085577345,0.48588279684073143,0.6910772981277006,1.0377975163282125,0.7333333333333333,30,Technology,,"Impinj, Inc."
OWL,0.20057350734967017,120d,-0.17343209450437438,0.1610938082323023,0.21472963266169864,0.29196095332583705,0.3833973492239667,0.8,30,Financials,,Blue Owl Capital Inc.
DPZ,0.19970319845654616,120d,-0.11429549759996342,-0.028833743939452122,0.21325644678811817,0.3135977227208954,0.39297962734477027,0.6666666666666666,30,Consumer Discretionary,Restaurants,"Domino's Pizza, Inc."
VLTO,0.19871710521263863,120d,-0.009155976496108097,0.04906156598104566,0.21917161686463804,0.3203852713633119,0.3610034483231719,0.7916666666666666,24,Industrials,,Veralto Corporation
CDE,0.1983884638900233,120d,-0.03538059911067195,0.1209217526783915,0.6615520633732084,0.9745019933822641,1.0971880660791784,0.8,30,Materials,Gold,"Coeur Mining, Inc."
HIMS,0.19673959954494524,120d,-0.21065903182387755,0.00891031343123333,0.638626794956501,1.1357412752829674,1.491613220104333,0.7666666666666667,30,Healthcare,,"Hims & Hers Health, Inc."
ICLR,0.19612512946610822,120d,-0.31770382551089504,0.1166889159680059,0.15137589798670803,0.1793399278495228,0.2298000224459124,0.8,30,Healthcare,,ICON Public Limited Company
SOC,0.19202968182852864,120d,-0.5614336325146708,0.04153011084172642,0.306927374029646,0.3606396782907712,0.6926951533862973,0.8666666666666667,30,Energy,,Sable Offshore Corp.
ZIM,0.19059055170329486,120d,-0.4257789905563525,0.1865760747122796,0.39060501694663186,1.3214647502186256,1.7124747918225431,0.8,30,Industrials,,
KBR,0.18671340971784872,120d,-0.17796964400998844,-0.13092106210602086,0.08601162590859346,0.19145785433317364,0.26451951673816565,0.6,30,Industrials,,"KBR, Inc."
FICO,0.1861434860831619,120d,-0.03398653713345381,0.1613718687768591,0.2820877709652335,0.39961522929433274,0.47090895437962527,0.8333333333333334,30,Technology,,Fair Isaac Corporation
PRIM,0.18587878429385862,120d,0.06115226050574534,0.31411837563493133,0.564763922571671,0.6065445817348416,0.6380146852177376,0.9666666666666667,30,Industrials,,Primoris Services Corporation
LPX,0.18564210332073494,120d,-0.035475464169008805,-0.0030790820717528644,0.21768383091895604,0.4343464592860671,0.4775492578912597,0.7,30,Industrials,,Louisiana-Pacific Corporation
NVDY,0.18435523494237627,120d,0.06242018191781895,0.11534397590116435,0.38673860816281636,0.6772598001043282,0.9641547090749801,0.9666666666666667,30,Unknown,,YieldMax NVDA Option Income Strategy ETF
HLNE,0.1815399069399134,120d,-0.058480269085423656,0.09518420196243776,0.2352189649074763,0.3086763168223013,0.5497915195320885,0.8333333333333334,30,Financials,,Hamilton Lane Incorporated
AMAT,0.17638826167849975,120d,-0.12089037661925725,0.037855771368402624,0.30300150414223825,0.4087837531930121,0.4347447532017325,0.7666666666666667,30,Semiconductors,Semiconductor Equipment & Materials,"Applied Materials, Inc."
FETH,0.5005446216193316,20d,0.11132731160949072,0.35858591809086104,0.4938418100973385,0.49507377899937177,0.5424141165687042,0.8,5,Unknown,,Fidelity Ethereum Fund Fidelity Ethereum Fund
ETH,0.500404532501555,20d,0.11132890906439397,0.3594393747355873,0.4945194683450478,0.4947735654760579,0.5419727280223082,0.8,5,Unknown,,Grayscale Ethereum Staking Mini ETF Shares
ETHA,0.49987176432462155,20d,0.11163547236055749,0.36018473782470073,0.49396959764244897,0.49404124006184524,0.5431009030585636,0.8,5,Unknown,,iShares Ethereum Trust ETF
ETHE,0.2787916223017508,20d,0.05455326507433599,0.09344613135529944,0.28007890605275565,0.4929477170844906,0.5755082634156149,0.9,30,Unknown,,Grayscale Ethereum Staking ETF Shares
QS,0.2528403221291038,20d,-0.13318974491305388,-0.10492331054335521,0.20475747530891297,0.3127283515146034,0.5482513544260741,0.6333333333333333,30,Consumer Discretionary,,QuantumScape Corporation
RXRX,0.24464719206310326,20d,-0.04099625857503621,-0.0004464917683489056,0.214072564428338,0.4161547105397474,0.5051454699257812,0.7333333333333333,30,Biotech,,"Recursion Pharmaceuticals, Inc."
NVDX,0.23419731864596327,20d,-0.03723203093259105,0.02532633725457789,0.2731438196153142,0.5706640361350785,0.8658360046144448,0.7916666666666666,24,Unknown,,T-Rex 2X Long NVIDIA Daily Target ETF
APGE,0.21866368073849962,20d,-0.21888146781357595,-0.09597551475432015,0.24334438652025148,0.4455323065553322,0.5879024450299716,0.5833333333333334,24,Biotech,Biotechnology,"Apogee Therapeutics, Inc."
ALMS,0.21470588194045237,20d,-0.04243994287072386,0.17575762742588208,0.21470588194045237,0.31666668256123853,0.3293156771374527,0.8,5,Biotech,Biotechnology,Alumis Inc.
NAIL,0.2145750941435028,20d,-0.14755765018703132,0.016580591877453477,0.21010427898963568,0.288082725970767,0.5405417239630803,0.7666666666666667,30,Unknown,,Direxion Daily Homebuilders & Supplies Bull 3X Shares
COIN,0.21146373852530154,20d,-0.18558847354323924,-0.08389930177704291,0.20411518068595125,0.662224134126894,0.9464402823534857,0.7333333333333333,30,Financials,Financial Data & Stock Exchanges,"Coinbase Global, Inc."
HOOD,0.20259559819424433,20d,-0.10924266201605345,0.027020276969650148,0.25200851895862275,0.34774073947444173,0.5268166192596477,0.8,30,Financials,,"Robinhood Markets, Inc."
W,0.18475461141311278,20d,-0.22302694715632485,-0.15479554703608517,0.19357325731824704,0.3245509374754105,0.36897385632967,0.6333333333333333,30,Consumer Discretionary,,Wayfair Inc.
PRAX,0.17942071984928065,20d,-0.1381333064984199,0.01326861907154836,0.245885425000528,0.35704410403570086,1.402518222736846,0.7333333333333333,30,Healthcare,,"Praxis Precision Medicines, Inc."
UPST,0.17883373367174432,20d,-0.28895165949846724,-0.1917711740577805,0.15832871047167918,0.38800116691203357,0.8370206117059524,0.5333333333333333,30,Financials,,"Upstart Holdings, Inc."
NVDL,0.16361989311383685,20d,-0.02639187601539271,0.08783715354335558,0.20271958076388974,0.39959706585716953,0.816579134601233,0.8333333333333334,30,Unknown,,GraniteShares 2x Long NVDA Daily ETF
LIF,0.1506754992559095,20d,-0.1462170478588839,-0.07193250184801661,0.1488553145099354,0.21050994175903798,0.24107997381395352,0.6666666666666666,6,Technology,,"Life360, Inc."
VERA,0.14939387732226916,20d,-0.13358191389453894,-0.0756591031546579,0.1483993330439819,0.25425725077305905,0.4035192613013525,0.5666666666666667,30,Biotech,,"Vera Therapeutics, Inc."
ANF,0.1458395579309082,20d,-0.007216335847642547,0.03707507430076673,0.17263263957425734,0.24795033332624106,0.28506550125480623,0.8666666666666667,30,Consumer Discretionary,Apparel Retail,Abercrombie & Fitch Co.
SMCI,0.14214276050635982,20d,-0.06066284606641485,0.02264061052268379,0.14141014381174843,0.2857985720978368,0.5237122714434631,0.8,30,Technology,,"Super Micro Computer, Inc."
NVTS,0.13889898845305204,20d,-0.23509667754062713,-0.10085362450540172,0.09843833409795855,0.15338390057593487,0.24075819260260028,0.6666666666666666,30,Semiconductors,,Navitas Semiconductor Corporation
ELF,0.1373869649432119,20d,-0.03687683539675069,0.040412401551309485,0.1393970779841326,0.2326733904899918,0.29231296798481765,0.8,30,Consumer Staples,,"e.l.f. Beauty, Inc."
AMD,0.13444458592450426,20d,-0.0912523376678952,-0.032276443930347176,0.14169570871596582,0.16865484544843157,0.23723362852029262,0.6666666666666666,30,Semiconductors,Semiconductors,"Advanced Micro Devices, Inc."
VKTX,0.1333811927353783,20d,-0.31173522968124556,-0.248264607665778,0.1214770787353997,0.4733948221751575,0.8268897385352022,0.6,30,Biotech,,"Viking Therapeutics, Inc."
TTD,0.12973553589946563,20d,-0.1391662601203199,-0.014824802975607732,0.12102720776587017,0.1579445145875657,0.18285065307469353,0.7333333333333333,30,Communication Services,,"The Trade Desk, Inc."
XYZ,0.12750083574152626,20d,-0.13392488295232735,-0.11996695540031069,0.13239481522225716,0.20397191342714083,0.29418413247803554,0.6,30,Technology,,"Block, Inc."
BLDR,0.1226588059525539,20d,-0.10393005213659526,0.03766396414050621,0.11446833434366066,0.16550419309121617,0.22642544351757243,0.8,30,Industrials,Building Products & Equipment,"Builders FirstSource, Inc."
QXO,0.12177058994279766,20d,-0.1180758209006071,0.027870547374001853,0.15505118775286109,0.570774354895724,1.6724286237849968,0.7666666666666667,30,Industrials,,"QXO, Inc."
OCUL,0.12173760606283324,20d,-0.1600143629030911,-0.09700483348975036,0.12173760606283324,0.5124977470500819,0.8557584932603267,0.6,30,Healthcare,,"Ocular Therapeutix, Inc."
IBP,0.11948567124576104,20d,-0.009500184796111942,0.0453682408626806,0.14325543900972237,0.2094993987481747,0.25919359708852546,0.8333333333333334,30,Consumer Discretionary,,"Installed Building Products, Inc."
ATEC,0.11801240193544138,20d,-0.18641512137312866,-0.057093559974945446,0.0836209704444979,0.19505331230777267,0.25478878540523453,0.6,30,Healthcare,Medical Devices,"Alphatec Holdings, Inc."
MRNA,0.11440396226803135,20d,-0.059646366939216426,-0.02754983494424415,0.08935933504120241,0.17936575461815846,0.24156059298920446,0.6666666666666666,30,Healthcare,,"Moderna, Inc."
Z,0.11377847604844094,20d,-0.060457608291255356,0.0007885807212652529,0.11091037687021588,0.17303450484055127,0.4424870130598816,0.7333333333333333,30,Communication Services,,"Zillow Group, Inc."
ZG,0.111552465093952,20d,-0.06925444815780357,-0.0017938154775832271,0.10707358798757838,0.16819522643149465,0.4708876452680202,0.7333333333333333,30,Communication Services,,"Zillow Group, Inc."
MHK,0.11019915215173204,20d,-0.06646950540323414,-0.02385623432985079,0.11495514782861793,0.16799615898165582,0.22760354918267076,0.7,30,Consumer Discretionary,,"Mohawk Industries, Inc."
ASO,0.10968605760941774,20d,-0.04806203475285412,0.02392003820795191,0.11290703197546725,0.19600784952654893,0.25958153789283733,0.8,30,Consumer Discretionary,,
AUR,0.10751042778793618,20d,-0.2621726930769638,-0.12501039404429734,0.12161619514847566,0.46672949344802994,0.823226829789458,0.6,30,Technology,Information Technology Services,"Aurora Innovation, Inc."
COMP,0.1060701618712695,20d,-0.16979754269399006,0.01633783400047062,0.14543069314071366,0.21723033983948742,0.3004160628918116,0.7666666666666667,30,Real Estate,Real Estate Services,"Compass, Inc."
BYND,0.10576370835816168,20d,-0.26680730275260556,-0.1937904895230184,0.029338381492144627,0.3143468587739561,0.4242944258088837,0.5,30,Consumer Staples,Packaged Foods,"Beyond Meat, Inc."
CAVA,0.10087622894468029,20d,-0.013224105173858646,0.073729419090658,0.14714075994379328,0.20370380441781644,0.22105979950170188,0.875,24,Consumer Discretionary,Restaurants,"CAVA Group, Inc."
NCLH,0.10053274842922588,20d,-0.13862007138465177,-0.031353469416416646,0.09922532185830468,0.18138253895444623,0.3940133739102622,0.7333333333333333,30,Consumer Discretionary,,Norwegian Cruise Line Holdings Ltd.
TOST,0.10020553065670251,20d,-0.15393178881676176,-0.018861277066495985,0.09494729779621136,0.20539875499273613,0.2792629702036849,0.7,30,Technology,,"Toast, Inc."
SQM,0.09978710683659431,20d,-0.15213597586567995,-0.11332088225478507,0.10046188612726648,0.14882162047193986,0.18536739875118086,0.6,30,Materials,,Sociedad Química y Minera de Chile S.A.
CROX,0.09938997281418471,20d,-0.04004195191073975,0.00621505353689375,0.09280325514274701,0.12792247735791368,0.16431190495917206,0.7333333333333333,30,Consumer Discretionary,Footwear & Accessories,"Crocs, Inc."
TREX,0.09611459409120648,20d,-0.04825899858461657,0.01109531110387768,0.09751394691194304,0.20215141101426337,0.2298951408002232,0.7666666666666667,30,Industrials,,"Trex Company, Inc."
RH,0.09385572350027499,20d,-0.1709933203698517,-0.0632564395832893,0.08305571609294937,0.1731738731500449,0.30802405013852957,0.6666666666666666,30,Consumer Discretionary,,RH
INSP,0.09220899795008702,20d,-0.022170304321931504,-0.005261627629651877,0.047527823356099286,0.062003696367880834,0.34232425156202473,0.7,30,Healthcare,,"Inspire Medical Systems, Inc."
LCID,0.08965112199068109,20d,-0.3402462515783649,-0.1247844487942488,0.01783463588703027,0.11083067581524353,0.22354689154132193,0.5333333333333333,30,Consumer Discretionary,,"Lucid Group, Inc."
NVDA,0.08855052577192135,20d,-0.006069791685513712,0.06543874902224694,0.11982718356938693,0.24584874820639135,0.37256182224158957,0.8666666666666667,30,Technology,,NVIDIA Corporation
BURL,0.08712531146245195,20d,0.025576511508848192,0.07325695333826554,0.1110380469373915,0.20112689454935484,0.2575375184155992,1.0,30,Consumer Discretionary,Apparel Retail,"Burlington Stores, Inc."
DOCS,0.08618744459743122,20d,-0.043024237085149464,0.006639273290023895,0.08272954153989553,0.11742964092151054,0.19971151627175485,0.8,30,Healthcare,Health Information Services,"Doximity, Inc."
KSS,0.08618620853269054,20d,-0.1361787045984539,-0.09674557911788575,0.0636674987249648,0.17587219865378656,0.24869982315325437,0.6,30,Consumer Discretionary,,Kohl's Corporation
JDST,0.08420778037726845,20d,-0.17937314736471124,-0.12705657430583225,-0.03236016825164373,0.1495032081694604,0.2072271080654645,0.43333333333333335,30,Materials,,Direxion Daily Junior Gold Miners Index Bear 2X Shares
ALGN,0.08321429845395778,20d,-0.09737298356991693,-0.018859451638109925,0.0916943454381528,0.1469309681514102,0.25606306790967476,0.7,30,Healthcare,Medical Instruments & Supplies,"Align Technology, Inc."
FLNC,0.08117103439445766,20d,-0.2494054004282573,-0.13973575845552066,0.04047458119021319,0.24346774330201282,0.4130101912214662,0.5666666666666667,30,Utilities,,"Fluence Energy, Inc."
PHM,0.08066933277207988,20d,-0.04062970030242075,0.026226449185512146,0.09477885719420065,0.11533429774134651,0.16514132533779477,0.8,30,Consumer Discretionary,,"PulteGroup, Inc."
MEDP,0.08047060059298483,20d,-0.03501776612091736,-0.01629627326491337,0.09879957330303701,0.12540674152347858,0.3676059231959744,0.7,30,Healthcare,,"Medpace Holdings, Inc."
DHI,0.08018757025764034,20d,-0.07017834240500023,0.028254961479143192,0.08297205474780833,0.1429432971311883,0.17645566144057068,0.7666666666666667,30,Consumer Discretionary,Residential Construction,"D.R. Horton, Inc."
TLRY,0.08015392101417029,20d,-0.1472771098719011,-0.08273743489760635,0.022432774443834402,0.11527198850025133,0.43535028151338784,0.6,30,Healthcare,,"Tilray Brands, Inc."
FTNT,0.0788953127359252,20d,-0.008663522171549098,0.010775250954009219,0.08883756894190775,0.1081232807208245,0.1283841205769832,0.8,30,Technology,,"Fortinet, Inc."
ECG,0.0787459905494996,20d,0.06100953331312899,0.07688757251788281,0.1426995161313218,0.1663780874850067,0.17870617808112174,1.0,5,Industrials,,"Everus Construction Group, Inc."
MTCH,0.07859651192988909,20d,-0.020498267501572718,0.014003123403697526,0.07760391356493246,0.11075150277904316,0.1331022190193503,0.8666666666666667,30,Communication Services,,"Match Group, Inc."
FSLR,0.07841135475536798,20d,-0.10689205458879628,-0.006324161109788035,0.0778188253847677,0.10461751596606572,0.3239588558200981,0.7,30,Energy Transition,,"First Solar, Inc."
DLTR,0.07815414471775683,20d,-0.07280958515800715,0.022252231216300378,0.07315969869518202,0.1318595222611853,0.1611739969336397,0.7666666666666667,30,Consumer Staples,Discount Stores,"Dollar Tree, Inc."
BLD,0.07806722280089995,20d,-0.015832983159652037,0.015012584964472109,0.10124537446200743,0.1825039777106689,0.2679996298989955,0.8,30,Industrials,Engineering & Construction,TopBuild Corp.
KRYS,0.07802163834815867,20d,-0.04069502914198213,0.039456699943582696,0.0984038633565466,0.12546633584917816,0.22644503685749026,0.8,30,Biotech,,"Krystal Biotech, Inc."
FND,0.07774315749351363,20d,-0.049302276285823655,-0.0056121174590614276,0.06539615319173275,0.17061584547036762,0.233865036392357,0.7,30,Consumer Discretionary,,"Floor & Decor Holdings, Inc."
BITO,0.07761586189517,20d,-0.04373142801315268,-0.007254554368196414,0.09411354996627841,0.15617872335346777,0.24338180616186528,0.6666666666666666,30,Crypto,,ProShares Bitcoin ETF
CAMT,0.07757105196622438,20d,0.025324678825667562,0.06403021147696131,0.14468042637124745,0.2005187956388204,0.252125430802263,0.9333333333333333,30,Semiconductors,Semiconductor Equipment & Materials,Camtek Ltd.
WIX,0.07721254317424087,20d,-0.06363983615950684,-0.03773753538145341,0.07958945308960386,0.18838160245962,0.2087141945108657,0.6666666666666666,30,Technology,,Wix.com Ltd.
GBTC,0.07657744341669193,20d,-0.011000383525142968,0.037239505026696096,0.10495169611605182,0.28206216147095986,0.5046815745046958,0.8333333333333334,30,Crypto,,Grayscale Bitcoin Trust (BTC)
SAIA,0.07646958612318122,20d,0.0020387579397530917,0.05425306866098378,0.09781117071834211,0.15704755336841414,0.17506458515781587,0.9,30,Industrials,,"Saia, Inc."
HCC,0.07639620192965946,20d,-0.06524300257324502,0.021449173437739166,0.09522961601763102,0.1338299272110034,0.15697307422236562,0.8333333333333334,30,Materials,,"Warrior Met Coal, Inc."
RPM,0.07623984167195419,20d,-0.03123128877066955,-0.011542617417570178,0.0887255603638335,0.09688370500590776,0.106528223411509,0.6333333333333333,30,Materials,,RPM International Inc.
COO,0.07614240523274618,20d,-0.04570930207808431,0.021595336080026173,0.07032070354275488,0.08572223514182753,0.09275372969144809,0.7666666666666667,30,Healthcare,Medical Instruments & Supplies,"The Cooper Companies, Inc."
ZBRA,0.07593380669405514,20d,-0.07102146419865077,-0.0480935445733687,0.0787975224759545,0.1272180436817541,0.1870980603799648,0.6666666666666666,30,Technology,,Zebra Technologies Corporation
SATS,0.07553676756088878,20d,-0.08626857124308407,0.03602284611510048,0.09764589065697149,0.269744356835449,0.3170581772495269,0.8,30,Communication Services,,EchoStar Corporation
KBH,0.07530823728238367,20d,-0.06059806658688877,-0.006270964353582459,0.0761080917775333,0.12241800611839487,0.16291428173049857,0.7333333333333333,30,Consumer Discretionary,,KB Home
DKS,0.07482497809926103,20d,-0.010298183895526137,0.00792700661149992,0.08401553151759933,0.1514312547959245,0.2140432365846491,0.8666666666666667,30,Consumer Discretionary,Specialty Retail,"DICK'S Sporting Goods, Inc."
BIRK,0.07392887812399046,20d,-0.044590351532502404,-0.011245438251797246,0.06202796034269831,0.15629857268576142,0.2669227873041192,0.7083333333333334,24,Consumer Discretionary,Footwear & Accessories,Birkenstock Holding plc
MOD,0.07350748924649708,20d,-0.09523755518942072,0.05076693604738636,0.13469615769966414,0.1705523938901205,0.23024849934299937,0.8,30,Consumer Discretionary,,Modine Manufacturing Company
COIN,0.12164742074069979,5d,0.012157162677474598,0.087886320069952,0.12525590045626067,0.15306115289783728,0.19380090531538324,0.9333333333333333,30,Financials,Financial Data & Stock Exchanges,"Coinbase Global, Inc."
ETHE,0.09547156246319544,5d,-0.02339943322314027,0.0185421604492515,0.10077333506769426,0.22443613786750183,0.34723307600410946,0.7666666666666667,30,Unknown,,Grayscale Ethereum Staking ETF Shares
PRAX,0.07174182795276862,5d,-0.05973415824875859,-0.005932258091629894,0.08246850270098727,0.17610410229673157,0.26881934169812605,0.7,30,Healthcare,,"Praxis Precision Medicines, Inc."
CORZ,0.07162256687793234,5d,-0.19130839723044485,-0.09442603375207725,0.09189770902637184,0.14268303467162308,0.26922205319223125,0.6,10,Technology,Software - Infrastructure,"Core Scientific, Inc."
W,0.06616133727925544,5d,-0.10610895469571967,0.005692446201986667,0.06972338213813789,0.11487345706951618,0.15257575703701942,0.7666666666666667,30,Consumer Discretionary,,Wayfair Inc.
LQDA,0.06065245706803846,5d,-0.05107010287390226,-0.011413452672870361,0.06691223213670794,0.1043449799195798,0.5013524684626357,0.7333333333333333,30,Healthcare,,Liquidia Corporation
COGT,0.059437624191424177,5d,-0.06958309812156115,-0.04490566936250173,0.06084526035178961,0.1875928224944749,0.37076016500218567,0.7,30,Biotech,Biotechnology,"Cogent Biosciences, Inc."
AMR,0.059156707569958056,5d,-0.01840690638496748,0.028434849569579257,0.060343209688800026,0.09323108894089072,0.13779858304776968,0.8333333333333334,30,Materials,Coking Coal,"Alpha Metallurgical Resources, Inc."
FETH,0.05870855402714048,5d,0.043884986423078545,0.05428932527361918,0.05665021043473151,0.13266438628295285,0.155163682416736,1.0,5,Unknown,,Fidelity Ethereum Fund Fidelity Ethereum Fund
ETH,0.058447130243672096,5d,0.044324462607834555,0.054529453984123455,0.05662026116056529,0.13061460251226675,0.1538946597578073,1.0,5,Unknown,,Grayscale Ethereum Staking Mini ETF Shares
ETHA,0.05766827654463125,5d,0.0440136548227489,0.05418717823279917,0.05579635632332591,0.13166604830411166,0.15456481351805934,1.0,5,Unknown,,iShares Ethereum Trust ETF
ETH,0.7558149698966844,60d,0.02236465571468277,0.6286066755471853,0.6517707183539934,0.6968641392856347,0.7106718035770546,0.8,5,Unknown,,Grayscale Ethereum Staking Mini ETF Shares
ETHA,0.7548617361935549,60d,0.0215043812758543,0.6275012665910709,0.6497115672744977,0.6950163850141491,0.7095336167452135,0.8,5,Unknown,,iShares Ethereum Trust ETF
FETH,0.754438237530032,60d,0.020894532331932114,0.6266510996191008,0.6499800815817793,0.6954022250520997,0.7090767754689392,0.8,5,Unknown,,Fidelity Ethereum Fund Fidelity Ethereum Fund
LIF,0.5291209849172712,60d,0.044250792985647824,0.2599999877228133,0.5683369037694187,0.628606687186587,0.6518923104827319,0.8333333333333334,6,Technology,,"Life360, Inc."
COIN,0.4733241169674195,60d,-0.12499507860697819,-0.05999119804440545,0.4829092077535896,0.6081646851831704,0.6997289866024489,0.6333333333333333,30,Financials,Financial Data & Stock Exchanges,"Coinbase Global, Inc."
APGE,0.3837027527760022,60d,-0.1643276367059095,-0.12415043395198674,0.4579793208015791,1.1143095480830376,1.9988663881194102,0.625,24,Biotech,Biotechnology,"Apogee Therapeutics, Inc."
ACMR,0.3706193390895224,60d,-0.17665255410388062,0.10976549394496254,0.4833206960406874,0.5679103395403717,0.6616125176178306,0.8333333333333334,30,Semiconductors,Semiconductor Equipment & Materials,"ACM Research, Inc."
APP,0.3544511563927827,60d,0.007479024495366764,0.4717871390422418,0.5732926179696435,0.7835075765790975,0.8858123985472424,0.9,30,Communication Services,Advertising Agencies,AppLovin Corporation
CAVA,0.35275246203637134,60d,-0.222050884517958,0.19216464660245247,0.44704125785294724,0.5533944332488889,0.6086700179842549,0.7916666666666666,24,Consumer Discretionary,Restaurants,"CAVA Group, Inc."
VERA,0.3465913044355897,60d,-0.0918507380942367,0.03392167249942302,0.35942335141440607,1.9786033477529723,2.342837495042858,0.8,30,Biotech,,"Vera Therapeutics, Inc."
DJT,0.34619459557835497,60d,-0.5141522558970364,-0.04632369659529609,0.26675734160962505,1.2376763557180004,1.6418778122208675,0.7,30,Communication Services,Internet Content & Information,Trump Media & Technology Group Corp.
GBTC,0.34223519267142055,60d,-0.11512629209814775,0.041108536468207946,0.40473917281018,0.583107729805242,0.7839941245407843,0.8,30,Crypto,,Grayscale Bitcoin Trust (BTC)
NVDX,0.3352665270443528,60d,0.17205035105029595,0.2983711279362073,0.4996390694238402,1.5593318406766197,2.1441247059678656,0.9166666666666666,24,Unknown,,T-Rex 2X Long NVIDIA Daily Target ETF
CVNA,0.33043362587184444,60d,0.12577077610405146,0.278933409034829,0.5801493526688858,0.9213760870596275,1.0799804776457045,0.9666666666666667,30,Consumer Discretionary,Auto & Truck Dealerships,Carvana Co.
ETHE,0.3017279803263059,60d,-0.023434292116098293,0.11681397037269131,0.44743704398220774,0.613425781382013,0.7039355032740476,0.8666666666666667,30,Unknown,,Grayscale Ethereum Staking ETF Shares
AMR,0.2980522866514159,60d,-0.20013639382043716,-0.11699919026673494,0.28683149879782455,0.45514440644039517,0.5022969402851933,0.6,30,Materials,Coking Coal,"Alpha Metallurgical Resources, Inc."
OCUL,0.29601443414778694,60d,-0.2878497121168092,-0.0692337897450323,0.29873521296998007,1.4872242993282514,2.1177456280578846,0.7,30,Healthcare,,"Ocular Therapeutix, Inc."
JDST,0.28701408395405464,60d,-0.49609985374717874,-0.1476874241617824,0.01501628118948617,0.10180742552880734,0.13891533232786038,0.5333333333333333,30,Materials,,Direxion Daily Junior Gold Miners Index Bear 2X Shares
ELF,0.28690971510968244,60d,-0.09021388580895531,-0.03907114318575261,0.2707589403747107,0.42184521453235907,0.5186737395026111,0.7,30,Consumer Staples,,"e.l.f. Beauty, Inc."
ALMS,0.2844050663203447,60d,-0.23399823001145897,0.16176468732035332,0.25757580464646024,0.35761587103544246,0.3710463217112961,0.8,5,Biotech,Biotechnology,Alumis Inc.
MMYT,0.27610709024963864,60d,-0.008762924835925853,0.08878917552892596,0.35130589687315394,0.39293050284800285,0.4339173918594524,0.8666666666666667,30,Consumer Discretionary,,MakeMyTrip Limited
SAIA,0.2760260372987253,60d,-0.25400716786126204,-0.03133819052261788,0.29101177106084253,0.3565000804763461,0.4342607349308302,0.6666666666666666,30,Industrials,,"Saia, Inc."
ANF,0.2753777322433808,60d,0.04204796749446332,0.11226203688704023,0.3988449611716002,0.5022528496529495,0.6308956830315187,0.9,30,Consumer Discretionary,Apparel Retail,Abercrombie & Fitch Co.
NVDL,0.273154165923995,60d,0.030647956806922536,0.17081342047443698,0.407246128856973,0.9427468054894415,1.7199007382632734,0.9,30,Unknown,,GraniteShares 2x Long NVDA Daily ETF
MEDP,0.2730106023825244,60d,-0.03322402162705274,0.20616459819984118,0.2880889171409208,0.4081204648990613,0.5602693356483399,0.8,30,Healthcare,,"Medpace Holdings, Inc."
CELH,0.27196385580690546,60d,-0.5678101225094063,0.11949101115825134,0.2593804690882725,0.39289765376815056,0.7551559690909205,0.8,30,Consumer Staples,Beverages - Non-Alcoholic,"Celsius Holdings, Inc."
DUST,0.2559335110706853,60d,-0.5023386096288991,-0.14937155909710398,0.006581670959600716,0.11851791404530498,0.16841245188088497,0.5333333333333333,30,Materials,,Direxion Daily Gold Miners Index Bear 2X Shares
LQDA,0.24997057585890126,60d,-0.1722680674020512,-0.11780880899396165,0.3300490991588807,0.9678986836737405,1.1401241992560682,0.6333333333333333,30,Healthcare,,Liquidia Corporation
XPO,0.23987915527628667,60d,-0.034353907589011155,0.04064760785830501,0.35236534782773465,0.40205829393575176,0.4473368757276338,0.8333333333333334,30,Industrials,,"XPO, Inc."
KNSL,0.23979817652910745,60d,-0.1105793199905529,-0.015227697340008395,0.21167948009262205,0.376068561501241,0.5227016865899577,0.7333333333333333,30,Financials,,"Kinsale Capital Group, Inc."
PRAX,0.23842354817135014,60d,0.12722494818649552,0.16785634871653027,0.436686937302034,1.6038462625535517,2.214298311488115,0.9666666666666667,30,Healthcare,,"Praxis Precision Medicines, Inc."
PBF,0.23820179812491715,60d,-0.25768115765318017,0.004517193740001285,0.2155838755300955,0.30369956331323184,0.36879049485534116,0.7333333333333333,30,Energy,,PBF Energy Inc.
MOD,0.22833118735147917,60d,0.024754743002946097,0.3402200497516097,0.43270613040703376,0.5317313549446899,0.571717655708583,0.9333333333333333,30,Consumer Discretionary,,Modine Manufacturing Company
CLS,0.22762815814910298,60d,0.00969309395583742,0.2644020063661554,0.5306472486762743,0.6014608814712843,0.7244693526333704,0.9,30,Technology,Electronic Components,Celestica Inc.
IBP,0.2259235483631331,60d,-0.02434265132462457,0.07830980094927031,0.25783507213219825,0.41302675530825955,0.46298075877513656,0.8,30,Consumer Discretionary,,"Installed Building Products, Inc."
NVO,0.22033580957800947,60d,-0.14053873123374283,0.007783631754917475,0.1759826943104288,0.24385992137432544,0.3398210621492397,0.7666666666666667,30,Healthcare,,Novo Nordisk A/S
MHK,0.2147892770115098,60d,-0.08676386429285131,0.020934592986983247,0.18162469522771585,0.24252907153011444,0.36067625760034167,0.7666666666666667,30,Consumer Discretionary,,"Mohawk Industries, Inc."
POWL,0.2117435886163116,60d,-0.0077161394886996575,0.2373021533874103,0.41890727875101375,0.7511708600484168,0.8436424304783211,0.8666666666666667,30,Industrials,,"Powell Industries, Inc."
BFAM,0.19695313980622792,60d,-0.09552241515937422,-0.015504826371873531,0.16374378562903658,0.24153225410132856,0.2666760530042605,0.7,30,Consumer Discretionary,,
NAIL,0.19570656013849969,60d,-0.03987999564999407,0.027035572037879207,0.17209262635509848,0.4078893679610181,0.6182816890797991,0.8,30,Unknown,,Direxion Daily Homebuilders & Supplies Bull 3X Shares
SM,0.19456704659788582,60d,-0.07036908994340259,0.026773662505582663,0.16265377557664307,0.33255934146229255,0.4257112434194732,0.8333333333333334,30,Energy,,SM Energy Company
LLY,0.19303508639253786,60d,-0.04646545958906629,0.13265793746224086,0.25684363579227143,0.3089994310556694,0.32432419692654946,0.8333333333333334,30,Healthcare,,Eli Lilly and Company
LYFT,0.1883492694192197,60d,-0.3339363344680287,0.033004634303952896,0.20274675298396527,0.41600575142911955,0.5683832575973592,0.8,30,Technology,,"Lyft, Inc."
HOOD,0.18791408893796702,60d,-0.003537071863989788,0.08398511615447674,0.4010213288780068,0.517467712207869,0.6596249034954901,0.9,30,Financials,,"Robinhood Markets, Inc."
TLN,0.18307850754970245,60d,0.18315210970108436,0.24728529003158506,0.41176790275929864,0.4428202690415004,0.47315854637640664,0.9583333333333334,24,Utilities,,Talen Energy Corporation
SMCI,0.1812824713415599,60d,-0.35229799634122344,-0.037078636735487835,0.1470416957549563,2.151516474210273,2.5689499454089675,0.6666666666666666,30,Technology,,"Super Micro Computer, Inc."
BLDR,0.17868179747453755,60d,-0.1040836133587509,-0.017434747493194874,0.10913227255794888,0.27303037692747906,0.3984240117227906,0.7333333333333333,30,Industrials,Building Products & Equipment,"Builders FirstSource, Inc."
GNTX,0.17720874240257856,60d,-0.16170909279834095,-0.0011637415378794314,0.1360443354759462,0.14889425535206363,0.2382254102018242,0.7333333333333333,30,Consumer Discretionary,,Gentex Corporation
MSTR,0.17645975331370511,60d,-0.19282699458452465,-0.11255706910644131,0.26335527230391476,1.02687213840069,1.728161752051332,0.6666666666666666,30,Technology,,Strategy Inc
AUR,0.17252020323662465,60d,-0.38864893656960753,-0.08778870698371835,0.17770568567952927,0.3976254534905544,0.5393404388224302,0.7333333333333333,30,Technology,Information Technology Services,"Aurora Innovation, Inc."
OSCR,0.1721486508405347,60d,-0.2908902086365512,-0.1887584728948843,0.16617085862556258,0.7697703240471876,1.0091987264395883,0.5333333333333333,30,Healthcare,,"Oscar Health, Inc."
VST,0.1699034983363693,60d,-0.1361441703235877,0.07266538294750502,0.3381231189420023,0.5821043835150475,0.71289958906447,0.8333333333333334,30,Utilities,,Vistra Corp.
VRT,0.16798639643903357,60d,-0.17619906258403034,0.12144910344985316,0.4634923572915268,0.5641166372084016,0.694017819735311,0.8333333333333334,30,Industrials,,Vertiv Holdings Co
OKTA,0.16684403652385899,60d,-0.07674291634753946,-0.05718966787387056,0.14845620014182914,0.2187351006839628,0.2816226007935689,0.7,30,Technology,,"Okta, Inc."
HOG,0.16618732536831782,60d,-0.04763786043744816,-0.00999829924723325,0.11149877451563017,0.2184566893181641,0.24992482968356924,0.7333333333333333,30,Consumer Discretionary,,"Harley-Davidson, Inc."
INSP,0.16607887751385148,60d,-0.4013723073481465,-0.2745062287957182,0.03183755483433082,0.22482960399546525,0.3396472298265308,0.5666666666666667,30,Healthcare,,"Inspire Medical Systems, Inc."
RYAN,0.16479632412150858,60d,-0.16436039010513273,0.008120568831990471,0.15595377196179838,0.20796028105901837,0.2928685513617454,0.8,30,Financials,,"Ryan Specialty Holdings, Inc."
TREX,0.1632642281018432,60d,-0.2757505384811119,-0.06218296060986972,0.12475294879493704,0.2001188789162449,0.34187846694806884,0.6,30,Industrials,,"Trex Company, Inc."
WFRD,0.16190685899701862,60d,-0.14070906761946056,0.07751815518760663,0.26024039276771094,0.34961477591897616,0.5051850903659254,0.8,30,Energy,,Weatherford International plc
Z,0.15904132319737635,60d,-0.1833030155400787,-0.06942801752026334,0.1193051048597481,0.2130579826927979,0.35899281788498105,0.7333333333333333,30,Communication Services,,"Zillow Group, Inc."
NTNX,0.15689388100664992,60d,-0.26378515735441616,0.004556047061712254,0.21236028325059864,0.3628422606530065,0.4176805424590507,0.8333333333333334,30,Technology,,"Nutanix, Inc."
NVDA,0.15320029522121104,60d,0.04481373585759313,0.12293723254536776,0.2590765039118351,0.4887438391528843,0.8068310554489634,0.9,30,Technology,,NVIDIA Corporation
ZSL,0.15261237741143346,60d,-0.3203128091047685,-0.13264400458862674,-0.024142185634935975,0.06327660564202159,0.12073107906574489,0.43333333333333335,30,Materials,,ProShares UltraShort Silver
WMS,0.1517143210041827,60d,-0.15948854670210239,0.04325743648967095,0.1729422741990434,0.24512999352425752,0.36964530670183154,0.7666666666666667,30,Industrials,,"Advanced Drainage Systems, Inc."
CVLT,0.15131814729556847,60d,-0.0400325471579337,0.05923475321828481,0.21989244241426242,0.31788634265551946,0.3553206207982929,0.7666666666666667,30,Technology,Software - Application,"Commvault Systems, Inc."
PR,0.15103975815235093,60d,-0.09407979474629809,-0.020545609837468448,0.18619608198865478,0.27375609215922675,0.38614704971398633,0.7333333333333333,30,Energy,,Permian Resources Corporation
TRU,0.14813097888067683,60d,-0.01700320349767658,0.05947336956086274,0.12415014518780443,0.19241510702223086,0.28364230966118503,0.8333333333333334,30,Financials,,TransUnion
VLO,0.1479314059182415,60d,-0.05277047300292859,0.10450230029127161,0.20743648869417464,0.2545028042482142,0.284856518946671,0.8333333333333334,30,Energy,,Valero Energy Corporation
FANG,0.1477255561501336,60d,-0.006293747347086853,0.02500949210888881,0.1688941472549066,0.24109653168778994,0.2690346281100003,0.8666666666666667,30,Energy,,"Diamondback Energy, Inc."
ZG,0.1446171098318505,60d,-0.1855732356437855,-0.06751620904395542,0.10915788510927982,0.20607792702033334,0.3557840580467168,0.7,30,Communication Services,,"Zillow Group, Inc."
TLRY,0.1444567122651068,60d,-0.12716294309334106,-0.06913230871024903,0.02133752823265811,0.7708617429070198,1.9414634923577543,0.5666666666666667,30,Healthcare,,"Tilray Brands, Inc."
AAP,0.14433722001839766,60d,-0.1882055652686378,-0.1297891888861162,0.15321396869460002,0.29405038066001227,0.3526658733197127,0.6,30,Consumer Discretionary,,
PSX,0.14408638795683681,60d,-0.04209731859474014,0.029854234610664332,0.18922497615578837,0.24327794341370212,0.27913648141547387,0.7666666666666667,30,Energy,,Phillips 66
OVV,0.14242805113493784,60d,-0.11599227252195309,-0.007782165821793752,0.14286500978053618,0.23595666166663604,0.24908921006001047,0.7333333333333333,30,Energy,,Ovintiv Inc.
WIX,0.14162273886818189,60d,-0.06415358707510878,0.09321875718912376,0.15099877088008906,0.26399890665827624,0.33156823690576986,0.8,30,Technology,,Wix.com Ltd.
APPF,0.14142532168092325,60d,-0.10095710539766004,0.011040101080043052,0.13953269903369547,0.22111522837051317,0.2513980652382537,0.7666666666666667,30,Technology,Software - Application,"AppFolio, Inc."
AVTR,0.1411572793645972,60d,-0.09658197007958609,0.010090807745604724,0.056381570533164393,0.15487762595618298,0.21575132386527168,0.8,30,Healthcare,Medical Instruments & Supplies,"Avantor, Inc."
CDW,0.13980815564526827,60d,-0.07497552439827156,-0.03281440571474184,0.09856589913515557,0.13933495071463836,0.17826356035340274,0.6333333333333333,30,Technology,Information Technology Services,CDW Corporation
SHAK,0.13884559279116115,60d,-0.2764285757073706,-0.13406521667165847,0.16560485479402642,0.4343121762651832,0.5392137053690953,0.6,30,Consumer Discretionary,,Shake Shack Inc.
TSCO,0.1373324124707478,60d,-0.05545002386518229,-0.006123947529473317,0.13221964974946265,0.1747320456007807,0.19284498881456189,0.7333333333333333,30,Consumer Discretionary,,Tractor Supply Company
STLA,0.1370356514239922,60d,-0.3118638286436646,-0.039001143765029056,0.08866114557272675,0.21998584534981125,0.24909327597185907,0.6,30,Consumer Discretionary,,Stellantis N.V.
