ticker,edge,horizon,p10,p25,p50,p75,p90,hit_rate,hit_alpha,hit_self,hit_rate_dc,hit_alpha_dc,hit_self_dc,n_obs,n_episodes,sector,industry,name,beta
BWET,2.697895317302166,120d,-0.17257341437726748,-0.05535896616206917,2.7927131325325956,6.246197817887949,6.806162553505997,0.6785714285714286,0.679,0.643,0.625,0.625,0.5,28,8,Unknown,,Breakwave Tanker Shipping ETF,-0.15
ICHR,1.2120595103097407,120d,-0.36498285819386916,0.05298925054610604,1.1812426668801677,1.7546426873295606,3.208522823983247,0.75,0.714,0.75,0.625,0.625,0.625,28,8,Technology,Semiconductor Equipment & Materials,Ichor Holdings,2.72
SYRE,1.0094467466863928,120d,-0.43680375133207583,0.13107683584479415,1.1931549847563618,1.7695321576858394,2.0046961857177257,0.75,0.75,0.75,0.625,0.625,0.625,28,8,Healthcare,Biotechnology,"Spyre Therapeutics, Inc.",1.67
ARM,0.8288678717735386,120d,-0.19458588889614026,-0.0581441932977316,0.9524373677198642,1.4154750311566509,1.9052099808146943,0.6428571428571429,0.607,0.607,0.625,0.625,0.625,28,8,Technology,Semiconductors,Arm Holdings plc,2.77
TXG,0.7736367050431253,120d,-0.5500042974095667,-0.406344544321269,0.6450434090295903,1.0685490606975323,1.5369285974379314,0.6428571428571429,0.643,0.643,0.5,0.5,0.5,28,8,Healthcare,Health Information Services,"10x Genomics, Inc.",2.02
INTC,0.7612969490485514,120d,-0.2653571602653026,-0.11204962980855929,0.8461824029975309,1.310727745196477,1.991521750217119,0.6428571428571429,0.679,0.643,0.5,0.5,0.5,28,8,Technology,,Intel Corporation,1.98
TWST,0.7486236686644734,120d,-0.13045441516613152,0.4407496398380992,0.8680046336137263,1.2029329482308575,1.876683977240759,0.8214285714285714,0.821,0.821,0.75,0.75,0.75,28,8,Healthcare,Diagnostics & Research,Twist Bioscience Corporation,2.23
DOCN,0.7328941569380469,120d,-0.2675137834020941,-0.04459453656123208,0.9426646385042671,1.160539018918441,1.9788621268825197,0.7142857142857143,0.679,0.643,0.625,0.5,0.5,28,8,Technology,Software - Infrastructure,"DigitalOcean Holdings, Inc.",2.13
VSTS,0.6970594023567062,120d,-0.4293768563800114,-0.36357521916595137,0.6531247355404624,1.0254382118267793,1.3296776425368353,0.6428571428571429,0.643,0.643,0.5,0.5,0.5,28,8,Industrials,Rental & Leasing Services,Vestis Corporation,1.14
DELL,0.6945539850503577,120d,-0.15177727697856175,-0.048936415978864195,0.8704196644593025,2.3158393834075266,2.3911291763152698,0.5714285714285714,0.571,0.571,0.5,0.5,0.5,28,8,Technology,Computer Hardware,Dell Technologies Inc.,1.95
BRUN,0.6875634782294122,120d,0.0849074592371572,0.21881174130912928,0.9177221798548025,1.4222467785434416,1.7008443765110683,1.0,0.889,0.722,1.0,1.0,0.75,18,4,Technology,Software - Infrastructure,Boost Run Inc.,1.02
ELVN,0.6399593011693524,120d,-0.16835387283310063,0.31138039753399555,0.8706192170039574,1.0546048583669347,1.5067301746235704,0.8214285714285714,0.821,0.821,0.75,0.75,0.75,28,8,Healthcare,Biotechnology,"Enliven Therapeutics, Inc.",1.37
UCTT,0.6207148749221304,120d,-0.4338327983208967,0.1261281485934142,0.7406040648694467,1.3950933618613135,2.8131827516654058,0.75,0.75,0.75,0.625,0.625,0.625,28,8,Technology,Semiconductor Equipment & Materials,"Ultra Clean Holdings, Inc.",2.53
MPLT,0.6098176864347847,120d,-0.33693443351782376,-0.2805376983932344,0.5034482535314533,0.9918699538193438,1.0029172151543893,0.6153846153846154,0.615,0.615,0.667,0.667,0.667,13,3,Healthcare,Biotechnology,"MapLight Therapeutics, Inc.",0.71
HNGE,0.6037897733838629,120d,-0.33945578209722393,-0.16328293008759917,0.7356866573384826,1.0589740880766172,1.3118901732293389,0.7222222222222222,0.722,0.722,0.75,0.75,0.75,18,4,Healthcare,Health Information Services,"Hinge Health, Inc.",0.82
STX,0.5789546686057728,120d,0.13908058590371425,0.2954868081937328,1.121257335826614,1.6832653337878023,2.198196257302387,0.8928571428571429,0.893,0.643,0.875,0.875,0.5,28,8,Technology,,Seagate Technology Holdings plc,1.56
PLSE,0.5728506065601254,120d,-0.02524393744457356,0.2032130918291889,0.7906849702758447,1.0028741185680166,1.2318633623521469,0.8571428571428571,0.893,0.75,0.875,0.875,0.75,28,8,Healthcare,Medical Instruments & Supplies,"Pulse Biosciences, Inc",1.48
ATEX,0.5703423410819869,120d,-0.10279511905305991,0.226571913989025,0.5944762373515821,2.359922299386752,3.088001456069547,0.8214285714285714,0.857,0.821,0.75,0.75,0.75,28,8,Communication Services,Telecom Services,Anterix Inc.,0.92
MU,0.5663734447826622,120d,-0.20314669961269513,0.4367256960138176,1.1557144812254279,2.5466612830423205,2.9623647996926223,0.8214285714285714,0.821,0.679,0.75,0.75,0.5,28,8,Technology,,"Micron Technology, Inc.",2.39
DNTH,0.5658494072446348,120d,-0.23686538098982546,0.6608640964835946,1.0176885153921011,1.2795231925333226,1.4894321511766442,0.8214285714285714,0.786,0.75,0.75,0.75,0.625,28,8,Healthcare,Biotechnology,"Dianthus Therapeutics, Inc.",1.09
COHU,0.5518990591822686,120d,-0.3590901072048342,-0.009650949516083807,0.5400422249254714,0.7971211581299755,1.4115143741534775,0.75,0.643,0.75,0.625,0.5,0.625,28,8,Technology,Semiconductor Equipment & Materials,"Cohu, Inc.",1.94
UMC,0.5487140666217982,120d,0.05110825057504892,0.15813251648118343,0.6689871071984049,0.9677167881982007,1.8322256547112368,0.9285714285714286,0.821,0.821,0.875,0.875,0.75,28,8,Technology,Semiconductors,United Microelectronics Corpora,1.2
ASX,0.5081298278757099,120d,-0.09937960724584965,0.3095197639333701,0.7395425289946562,1.2825800343284468,1.4601878930361822,0.7857142857142857,0.786,0.75,0.625,0.625,0.625,28,8,Technology,Semiconductors,"ASE Technology Holding Co., Ltd",1.72
OMDA,0.5032142680345942,120d,-0.46556155147140615,-0.12864135104932006,0.4183190607581536,0.5310189257231335,0.8386205390247845,0.7222222222222222,0.667,0.722,0.75,0.75,0.75,18,4,Healthcare,Health Information Services,"Omada Health, Inc.",0.73
OGN,0.4929719233740448,120d,-0.35374091536916596,-0.14282929798411312,0.3297584499547792,0.7467600435390893,0.887402848614525,0.6785714285714286,0.571,0.75,0.625,0.5,0.75,28,8,Healthcare,,Organon & Co.,0.85
CNC,0.4847690364541686,120d,-0.094844134223733,-0.0025259615630389143,0.4258945333843478,0.5661699253295293,0.6443965805039107,0.75,0.714,0.857,0.625,0.625,0.875,28,8,Healthcare,Healthcare Plans,Centene Corporation,0.22
IMVT,0.4776720540784563,120d,-0.4551867370957353,-0.2534608201990566,0.4579426404601358,0.5607373090887182,0.7021515269087608,0.6428571428571429,0.643,0.643,0.5,0.5,0.5,28,8,Healthcare,Biotechnology,"Immunovant, Inc.",1.2
VPG,0.456169540764233,120d,-0.1443914019103751,0.07208127995444652,0.6312496067075667,1.1681356947948203,2.3221631107827485,0.7857142857142857,0.75,0.643,0.625,0.625,0.5,28,8,Technology,Scientific & Technical Instruments,"Vishay Precision Group, Inc.",1.83
GEO,0.44866824375138037,120d,-0.28264662090648873,-0.08658091098093182,0.5915930109231016,0.860885721556178,0.982083858056739,0.6785714285714286,0.679,0.679,0.625,0.625,0.625,28,8,Industrials,Security & Protection Services,Geo Group Inc (The) REIT,1.1
VSH,0.4456458365948064,120d,-0.18367689678897578,-0.028386801895296687,0.42485670605714954,0.9591442966052567,2.7655917982100386,0.7142857142857143,0.643,0.75,0.625,0.5,0.625,28,8,Technology,Semiconductors,"Vishay Intertechnology, Inc.",2.11
KLIC,0.4393234092494315,120d,-0.31026230918986014,-0.039613687228526595,0.4870152508727128,0.9445778000388518,1.3187482987069565,0.6428571428571429,0.643,0.643,0.5,0.5,0.5,28,8,Technology,Semiconductor Equipment & Materials,"Kulicke and Soffa Industries, I",1.74
SIMO,0.4319865860105676,120d,-0.22876273078620427,0.2585884234587141,0.7752916819073196,1.2728312394796306,2.2650711874405807,0.8214285714285714,0.821,0.643,0.75,0.75,0.5,28,8,Technology,Semiconductors,Silicon Motion Technology Corpo,1.66
TSEM,0.42997878162065817,120d,-0.16892375645271346,0.37424936586035407,0.7902273957648752,1.092352460533148,1.4147254068884845,0.8214285714285714,0.821,0.75,0.75,0.75,0.625,28,8,Semiconductors,,Tower Semiconductor Ltd.,1.86
FSLY,0.4251329973494563,120d,-0.5113063156057024,-0.2545891528156095,0.5501662311931039,1.1113630766961788,1.3910271204262572,0.6428571428571429,0.643,0.643,0.5,0.5,0.5,28,8,Technology,Software - Application,"Fastly, Inc.",1.62
RVMD,0.42085283568484844,120d,-0.1697230699715887,0.4817472161339554,0.8895105353787162,1.2537402912105682,1.6709195235161003,0.8214285714285714,0.821,0.75,0.75,0.75,0.625,28,8,Healthcare,,"Revolution Medicines, Inc.",1.12
PDFS,0.4126379251281682,120d,-0.3718599148358501,0.1361657056936539,0.518060188497236,0.689432077105217,1.0123590067549766,0.75,0.75,0.75,0.625,0.625,0.625,28,8,Technology,Software - Application,"PDF Solutions, Inc.",1.99
AMN,0.3945561382757605,120d,-0.3974306812726238,-0.2735810438464939,0.19157897103463084,0.7552546362748846,0.9456382358488611,0.5357142857142857,0.536,0.607,0.375,0.375,0.5,28,8,Healthcare,Medical Care Facilities,AMN Healthcare Services Inc,0.8
LNTH,0.3917551416759648,120d,-0.08169192267284216,0.2556538677431747,0.5186997185368306,0.6033244043909879,0.7321637534943602,0.8214285714285714,0.857,0.821,0.75,0.75,0.75,28,8,Healthcare,,"Lantheus Holdings, Inc.",0.51
LION,0.38737810501361547,120d,-0.22385316689191384,-0.011561325474746809,0.3888815845907464,0.5080641325538973,0.7368459350036031,0.75,0.75,0.75,0.625,0.625,0.625,28,8,Unknown,,Lionsgate Studios Corp,0.68
GPRE,0.3789844223012142,120d,-0.6472548325607865,-0.32509144282963437,0.2395475390104671,0.5124999939178935,0.6312371478893154,0.6428571428571429,0.607,0.643,0.5,0.5,0.5,28,8,Materials,Chemicals,"Green Plains, Inc.",0.98
WLY,0.378680998710472,120d,-0.19981386905247486,-0.14238376195333585,0.4202996582110651,0.6400458738764183,0.7385634017113886,0.6428571428571429,0.643,0.643,0.625,0.625,0.625,28,8,Communication Services,Publishing,"John Wiley & Sons, Inc.",0.56
APA,0.37768403268568684,120d,-0.3016739494965627,-0.089842258914196,0.3444794941816435,0.3827604086831454,0.47081626168446794,0.6428571428571429,0.643,0.679,0.5,0.5,0.5,28,8,Energy,Oil & Gas E&P,APA Corporation,0.79
VECO,0.3763664971132583,120d,-0.2975632065869858,0.1707956058284117,0.5748162295775223,0.6395463196287766,1.1998069397660445,0.75,0.75,0.75,0.625,0.625,0.625,28,8,Technology,Semiconductor Equipment & Materials,Veeco Instruments Inc.,1.86
OSCR,0.3717498818096946,120d,-0.22772354128571695,0.023926782532319113,0.4495702069995483,0.9115077706502339,1.2745129722547939,0.75,0.714,0.679,0.75,0.75,0.625,28,8,Healthcare,,"Oscar Health, Inc.",1.19
PTEN,0.36964637601728095,120d,-0.2558145582216588,-0.059639879432870996,0.32777599859327733,0.4520584411382681,0.642493576728448,0.7142857142857143,0.643,0.75,0.625,0.5,0.625,28,8,Energy,,"Patterson-UTI Energy, Inc.",1.21
ORKA,0.3692043688597636,120d,-0.5288089774202233,0.6986366752802693,1.2687934452155283,1.7341557698343752,2.094602181566536,0.8214285714285714,0.821,0.714,0.75,0.75,0.625,28,8,Healthcare,Biotechnology,"Oruka Therapeutics, Inc.",1.2
CGEM,0.367858201185846,120d,-0.35256002973703143,0.16769878928153337,0.39572927340193176,0.5548971350994045,0.7953095357523953,0.7857142857142857,0.75,0.75,0.625,0.625,0.625,28,8,Healthcare,Biotechnology,"Cullinan Therapeutics, Inc.",1.24
NTAP,0.36698999837156565,120d,-0.17571242585238803,-0.05357603534004424,0.4592486664183101,0.6276760262804494,0.7978899274812181,0.6428571428571429,0.643,0.643,0.625,0.625,0.625,28,8,Technology,,"NetApp, Inc.",1.26
CXW,0.36692287342198826,120d,-0.13704681872614288,-0.03632337815053985,0.41142341950135464,0.5989225213693149,0.6824907939975047,0.6071428571428571,0.607,0.571,0.5,0.5,0.5,28,8,Industrials,Security & Protection Services,"CoreCivic, Inc.",0.72
CROX,0.3617955349724219,120d,-0.13431282307025644,0.04949475408315393,0.36956813036274494,0.4659526237627569,0.5996196064738171,0.75,0.643,0.75,0.75,0.5,0.75,28,8,Consumer Discretionary,Footwear & Accessories,"Crocs, Inc.",1.17
STM,0.3610712274304027,120d,-0.24722054981022212,-0.007815356674526902,0.3288924104630222,1.1508022076697106,1.7541089581593623,0.75,0.714,0.75,0.625,0.625,0.625,28,8,Technology,,STMicroelectronics N.V.,2.01
CLMT,0.3575492038635254,120d,-0.4216328528216175,0.05010142799757045,0.6561404484581609,0.7919725425122169,0.912240781529784,0.7857142857142857,0.679,0.643,0.75,0.5,0.5,28,8,Materials,Specialty Chemicals,"Calumet, Inc",0.96
ASTH,0.3547822441014016,120d,-0.40955135439542806,-0.33418345817412015,0.37572874478967144,0.7175227339219055,0.7921087584579277,0.7142857142857143,0.571,0.679,0.625,0.5,0.625,28,8,Healthcare,Medical Care Facilities,Astrana Health Inc.,0.72
OKTA,0.3530794234962171,120d,-0.1296645033120696,0.09241728777461505,0.3512399215615336,0.6079373895244262,0.6483365849784309,0.75,0.643,0.75,0.75,0.625,0.75,28,8,Technology,,"Okta, Inc.",1.23
WDC,0.3522642492274556,120d,-0.09217350231506742,0.3765199470802268,0.8825060590966151,2.3503802825090743,2.6625050778741386,0.8214285714285714,0.821,0.679,0.75,0.75,0.5,28,8,Technology,,Western Digital Corporation,1.96
RELY,0.3470869569334723,120d,-0.29804326534582193,-0.2071970545434017,0.2809582434162158,0.6666052173198755,0.7551765320916368,0.5714285714285714,0.607,0.643,0.5,0.5,0.625,28,8,Technology,Software - Infrastructure,"Remitly Global, Inc.",0.94
MTRN,0.34069425872293124,120d,-0.23031518487634078,-0.11161059089672715,0.40130767591402106,0.7922797254519622,0.9860329379062117,0.6428571428571429,0.643,0.643,0.5,0.5,0.5,28,8,Materials,Other Industrial Metals & Mining,Materion Corporation,1.44
SM,0.3405056235982662,120d,-0.4028867313831229,-0.2659316317181539,0.2549258560054378,0.5704770995045312,0.6595120494116572,0.5714285714285714,0.571,0.571,0.5,0.5,0.5,28,8,Energy,,SM Energy Company,0.95
BCAX,0.3396023135732329,120d,-0.40559304069278385,0.09410087465489414,0.5650624047529813,0.6469433105765227,0.7053765195206885,0.782608695652174,0.739,0.696,0.667,0.5,0.5,23,6,Healthcare,Biotechnology,Bicara Therapeutics Inc.,1.65
MRNA,0.3369735634640943,120d,-0.43014547005057974,0.016411576301924302,0.2977541775110364,0.7340171783214557,1.111910862951037,0.75,0.679,0.75,0.625,0.5,0.625,28,8,Healthcare,,"Moderna, Inc.",1.45
ARCB,0.33571200099976656,120d,-0.4129037694272689,-0.13998152825273968,0.30908509828870556,0.733986139666553,0.9376577787441338,0.6428571428571429,0.643,0.643,0.5,0.5,0.5,28,8,Industrials,Trucking,ArcBest Corporation,1.57
PBF,0.3351863821847695,120d,-0.469583072744676,-0.10297266452357531,0.4242887804535894,0.8156251599401234,0.9855588981389384,0.6428571428571429,0.643,0.643,0.5,0.5,0.5,28,8,Energy,,PBF Energy Inc.,0.72
BAND,0.32829231165702366,120d,-0.2988124772349168,-0.07624761987657899,0.37060690358294057,2.9335478086426585,3.4120428461433137,0.6428571428571429,0.571,0.571,0.5,0.5,0.5,28,8,Technology,Software - Infrastructure,Bandwidth Inc.,1.64
AOSL,0.32828203564621783,120d,-0.4900712761386067,-0.1942542950817111,0.41714257439928204,0.6103713054092594,1.1210656257075484,0.6428571428571429,0.643,0.643,0.625,0.625,0.625,28,8,Technology,Semiconductors,Alpha and Omega Semiconductor L,2.71
DIOD,0.3267814039175206,120d,-0.27175200914419595,0.05195218477049654,0.316178519292892,0.5365680293145172,1.031845941558042,0.75,0.679,0.75,0.625,0.5,0.625,28,8,Technology,Semiconductors,Diodes Incorporated,1.91
AMAT,0.32559107989502023,120d,-0.09708484063312442,0.25499071683589936,0.6441456972698326,0.9034925364326228,1.3578940292721302,0.8214285714285714,0.786,0.75,0.625,0.75,0.625,28,8,Semiconductors,Semiconductor Equipment & Materials,"Applied Materials, Inc.",1.99
CRSR,0.31825586118859156,120d,-0.419714421270874,-0.2783333518250159,0.1880113193956373,0.7137453243906755,1.0644639986787139,0.5714285714285714,0.643,0.643,0.5,0.625,0.625,28,8,Technology,Computer Hardware,"Corsair Gaming, Inc.",2.23
NSIT,0.3171111296576343,120d,-0.35098350206097845,-0.23007739460067902,0.14806821002533632,0.40120371679573485,0.48602789760124965,0.6428571428571429,0.536,0.643,0.625,0.5,0.625,28,8,Technology,Electronics & Computer Distribution,"Insight Enterprises, Inc.",1.05
AIP,0.3155322320190924,120d,-0.13592549320403444,0.32935928003862347,0.6817884056060416,0.9616388517335454,1.3170588672585328,0.7857142857142857,0.75,0.75,0.75,0.625,0.625,28,8,Technology,Semiconductors,"Arteris, Inc.",2.53
GRPN,0.31324957845115764,120d,-0.5256774214096152,0.009190189554035555,0.3577003476675621,0.7802363875220499,1.0902576334219076,0.75,0.643,0.714,0.75,0.625,0.75,28,8,Communication Services,Internet Content & Information,"Groupon, Inc.",1.35
HIMX,0.312107483006657,120d,-0.017416548337121227,0.08465525983297773,0.4620462463119883,0.6394369417901584,0.9617680693928403,0.8571428571428571,0.786,0.679,0.875,0.75,0.5,28,8,Technology,Semiconductors,"Himax Technologies, Inc.",1.96
SPHR,0.31152403196227907,120d,-0.15956886259672004,0.2312205283759044,0.4849524159932379,0.7230356527730439,1.339142045666289,0.7857142857142857,0.786,0.75,0.75,0.75,0.625,28,8,Communication Services,,Sphere Entertainment Co.,1.55
ECPG,0.31074583627755303,120d,-0.24830467950433907,-0.11418396633467012,0.4229143114770597,0.6228871556147629,0.6543654504759006,0.7142857142857143,0.643,0.643,0.625,0.5,0.5,28,8,Financials,Credit Services,Encore Capital Group Inc,1.22
CDNA,0.2919869549234019,120d,-0.22061068059409614,0.3251509946531879,0.5432689349703284,0.9257538310535081,1.418122670443293,0.8214285714285714,0.821,0.75,0.75,0.75,0.625,28,8,Healthcare,Diagnostics & Research,"CareDx, Inc.",1.48
TGTX,0.28619384173845586,120d,0.06082891054586362,0.30952908102907833,0.5765069490632204,0.755498647015661,0.8156720017734219,1.0,0.821,0.786,1.0,0.875,0.75,28,8,Biotech,,"TG Therapeutics, Inc.",0.85
MEC,0.2801907640023471,120d,-0.21547598413918223,0.16011362085831665,0.40560374626977547,0.6268048220682999,0.8715599490408864,0.8214285714285714,0.75,0.75,0.75,0.75,0.75,28,8,Industrials,Metal Fabrication,"Mayville Engineering Company, I",0.92
AMD,0.27840313643979353,120d,-0.1613523239835542,0.08244742791545331,0.506086293226785,1.2859455952038261,1.3943205099397522,0.75,0.643,0.643,0.625,0.5,0.5,28,8,Semiconductors,Semiconductors,"Advanced Micro Devices, Inc.",2.31
SCHL,0.27672957254858743,120d,-0.25122527166502107,-0.0771559534352731,0.2768168232515078,0.4231175724820409,0.5087135730916821,0.6428571428571429,0.643,0.643,0.5,0.5,0.5,28,8,Communication Services,Publishing,Scholastic Corporation,0.59
CON,0.27524022070537246,120d,0.010666426864333634,0.07951039748994948,0.3202673046504103,0.46007065774636235,0.5048728228434372,0.9130434782608695,0.783,0.826,1.0,0.833,0.833,23,6,Healthcare,Medical Care Facilities,Concentra Group Holdings Parent,0.73
RXO,0.27088170596842154,120d,-0.45811182192544964,-0.06051133310314588,0.2555040029155331,0.8144468492694508,0.9750088234667509,0.7142857142857143,0.679,0.714,0.625,0.625,0.625,28,8,Industrials,Trucking,"RXO, Inc.",1.68
TGT,0.27050304933588926,120d,-0.3118400029656825,-0.028528773103973115,0.2512111712279479,0.338755514575654,0.3828297986300373,0.6785714285714286,0.571,0.75,0.625,0.5,0.625,28,8,Consumer Staples,,Target Corporation,0.75
HPE,0.2704024044117026,120d,-0.17082398534133814,0.06425286344143236,0.4373328096569318,1.1067799298349725,1.214312326706405,0.75,0.679,0.571,0.75,0.625,0.5,28,8,Technology,,Hewlett Packard Enterprise Company,1.63
DAR,0.268074953821338,120d,-0.19205828210695258,-0.1652885386754473,0.26711933390630727,0.4751223100071155,0.6024618980674997,0.6428571428571429,0.643,0.643,0.5,0.5,0.5,28,8,Consumer Staples,Packaged Foods,Darling Ingredients Inc.,0.75
LINE,0.2667916441087403,120d,-0.2751238636945422,-0.1530144986605616,0.09516158016939702,0.24495561750610073,0.2698059019482988,0.6086956521739131,0.435,0.783,0.5,0.5,0.667,23,6,Real Estate,,"Lineage, Inc.",0.96
LSCC,0.2613876878092283,120d,-0.21513683532392508,-0.1035042354286497,0.44548259457067907,0.5046769227629212,0.8125622768102694,0.6428571428571429,0.643,0.643,0.5,0.5,0.5,28,8,Semiconductors,,Lattice Semiconductor Corporation,2.38
SYNA,0.2587017364243857,120d,-0.20417812899653226,-0.1538688339019436,0.21170269499976424,0.3782040197818451,0.6274321780813669,0.6428571428571429,0.643,0.643,0.5,0.5,0.5,28,8,Technology,,Synaptics Incorporated,2.15
IRDM,0.2546364944363763,120d,-0.27985680366571525,-0.1442679046686403,0.2201634870678778,1.3432291259121636,1.5046323414183658,0.5357142857142857,0.536,0.571,0.5,0.5,0.5,28,8,Communication Services,Telecom Services,Iridium Communications Inc,0.92
AMDY,0.2536436142681451,120d,-0.14709518069916766,0.07807459417576107,0.3818895206103511,0.9909851407015984,1.0537559049660141,0.7857142857142857,0.643,0.643,0.75,0.5,0.5,28,8,Unknown,,Yieldmax AMD Option Income Stra,1.89
GFS,0.2509753361224805,120d,-0.1821317701324904,-0.08237474949183035,0.18923800030896998,0.4094090398692657,1.1564124647029486,0.6428571428571429,0.607,0.714,0.5,0.5,0.625,28,8,Technology,,GLOBALFOUNDRIES Inc.,1.85
BRKR,0.24994915166043236,120d,-0.352591094524956,-0.1567662072613248,0.1650891592250069,0.39403734182959416,0.5082263171537227,0.6428571428571429,0.643,0.643,0.5,0.5,0.5,28,8,Healthcare,Medical Devices,Bruker Corporation,1.17
ON,0.2486622124854827,120d,-0.30803780763643823,0.023199524973428476,0.2793422323433994,0.4227263786487948,0.756275031203536,0.7857142857142857,0.643,0.714,0.75,0.5,0.625,28,8,Semiconductors,,ON Semiconductor Corporation,2.15
HOS,0.24805048751878467,120d,-0.29501751106528323,0.038779022202858754,0.2511066537526513,0.29720685467223285,0.3883380315292233,0.75,0.679,0.75,0.625,0.625,0.625,28,8,Unknown,,"Hornbeck Offshore Services, Inc",1.12
AKAM,0.2477680847412007,120d,-0.22232514656544258,-0.1982834400311085,0.22117765338062734,0.3067060385420759,0.38465176243738025,0.6428571428571429,0.607,0.643,0.5,0.5,0.5,28,8,Technology,Software - Infrastructure,"Akamai Technologies, Inc.",1.1
MSGS,0.24357751867665134,120d,-0.14748685504558423,0.04268878493907852,0.38020446813256825,0.44252311697656715,0.5868128190144726,0.8214285714285714,0.714,0.643,0.75,0.625,0.5,28,8,Communication Services,,,0.64
KEYS,0.2433102299184976,120d,-0.08635548898068227,-0.03921960527922855,0.37475645326597384,0.48803953095902847,0.6397647024248158,0.6785714285714286,0.607,0.607,0.5,0.5,0.5,28,8,Technology,,"Keysight Technologies, Inc.",1.46
COLD,0.2433006923855685,120d,-0.22116172768137204,-0.13810405532132208,0.1169342829263521,0.2116969668422239,0.257643994186611,0.5357142857142857,0.5,0.75,0.5,0.5,0.75,28,8,Real Estate,,,0.76
SFL,0.24202855535309686,120d,-0.14983399492706853,-0.053421573763190316,0.21142786464231234,0.38749326204847717,0.40551694177984304,0.6785714285714286,0.571,0.679,0.625,0.5,0.625,28,8,Industrials,Marine Shipping,SFL Corporation Ltd,0.65
ACLS,0.2412217490674099,120d,-0.2753696287957603,0.027121194046795527,0.2754551521055215,0.519504541996908,0.9136110239949257,0.7857142857142857,0.679,0.714,0.625,0.625,0.625,28,8,Technology,Semiconductor Equipment & Materials,"Axcelis Technologies, Inc.",2.05
CHA,0.24085741412158768,120d,-0.4363827987093156,-0.3430980161195092,-0.06510852658071609,-0.02192294781018181,0.029469787046349276,0.16666666666666666,0.0,0.722,0.0,0.0,0.75,18,4,Consumer Discretionary,Restaurants,Chagee Holdings Limited,0.3
MRAM,0.24034332911257483,120d,-0.25598879666190527,-0.11843245191496068,0.30087084680197174,0.9280330313004621,1.2604291869792836,0.6428571428571429,0.607,0.571,0.5,0.5,0.5,28,8,Technology,Semiconductors,"Everspin Technologies, Inc.",1.8
DGII,0.23998989944398574,120d,-0.11160421843732946,-0.005802960296656612,0.44917918093523856,0.5082586542806411,0.6088646035481594,0.6785714285714286,0.714,0.643,0.625,0.625,0.5,28,8,Technology,Communication Equipment,Digi International Inc.,1.45
EXTR,0.23823193703879697,120d,-0.2620147854479722,-0.18978537082966493,0.3672881515751737,0.919418304663612,0.9820147948554372,0.5357142857142857,0.536,0.536,0.5,0.5,0.5,28,8,Technology,Communication Equipment,"Extreme Networks, Inc.",1.47
TKR,0.23800496801231785,120d,-0.08804401382879418,0.008542496278959227,0.29543124154962386,0.4648247072788303,0.6072507100908476,0.75,0.643,0.643,0.625,0.5,0.5,28,8,Industrials,,The Timken Company,1.21
FORM,0.23718568640132698,120d,-0.24196038752190405,0.11332822710845514,0.4326606229140053,1.2315466123808316,1.8463045697729696,0.7857142857142857,0.75,0.607,0.625,0.625,0.625,28,8,Technology,,"FormFactor, Inc.",2.35
GTX,0.23644329963956257,120d,-0.003112677705304519,0.18751258914840385,0.542203866576782,0.7385749370708464,0.9670626190705413,0.8928571428571429,0.821,0.643,0.875,0.75,0.5,28,8,Consumer Discretionary,Auto Parts,Garrett Motion Inc.,1.08
DK,0.23588535847080683,120d,-0.2137214182508355,-0.04127627694898156,0.39393116359257974,0.7688042930925931,1.1104474147556918,0.7142857142857143,0.714,0.607,0.625,0.625,0.5,28,8,Energy,Oil & Gas Refining & Marketing,"Delek US Holdings, Inc.",0.75
TVTX,0.23474578062556872,120d,-0.09561638408216003,0.1528024730059826,0.6751465278123058,0.8648471552286254,1.1046663781949146,0.8571428571428571,0.786,0.643,0.75,0.75,0.5,28,8,Biotech,,"Travere Therapeutics, Inc.",1.28
VIAV,0.23422947761806856,120d,-0.18160644084358418,0.05150410199852734,0.518989148372143,1.4571388601658883,1.6197961615130472,0.8214285714285714,0.75,0.643,0.75,0.625,0.5,28,8,Technology,,Viavi Solutions Inc.,1.25
PENG,0.23229038916016387,120d,-0.1595905768446215,-0.009174697888407357,0.30844775146048053,2.029621744696569,2.19498817781437,0.75,0.679,0.571,0.625,0.625,0.5,28,8,Technology,Information Technology Services,"Penguin Solutions, Inc.",2.28
CNK,0.23192227583216873,120d,-0.045355889423522484,0.0018510759505593888,0.33359975663461794,0.42995653744458695,0.5112726991220611,0.75,0.75,0.643,0.75,0.75,0.625,28,8,Communication Services,Entertainment,"Cinemark Holdings, Inc.",0.33
MXL,0.22965258550454182,120d,-0.3320376812886336,-0.033975930065223786,0.30935293830419464,2.9454476131158693,3.854740256485074,0.75,0.643,0.679,0.625,0.5,0.5,28,8,Technology,Semiconductors,"MaxLinear, Inc",2.62
EC,0.22959023526667433,120d,0.08263253544685704,0.18143490136099022,0.34557314477645207,0.4515768814732799,0.5270673626069904,0.9285714285714286,0.821,0.821,0.875,0.75,0.75,28,8,Energy,Oil & Gas Integrated,Ecopetrol S.A.,0.51
ONTO,0.22924270017278303,120d,-0.40373275044558626,0.20253706674343036,0.41817266671091957,0.9577520242214566,1.1645559430147008,0.8214285714285714,0.786,0.75,0.75,0.75,0.625,28,8,Technology,,Onto Innovation Inc.,2.51
ROG,0.2289770681852316,120d,-0.38280603043539607,0.02178322945775707,0.2165515658779016,0.39478346330953173,0.7091284709218449,0.75,0.643,0.75,0.625,0.5,0.625,28,8,Technology,Electronic Components,Rogers Corporation,1.25
REPL,0.22871471366176555,120d,-0.2486000827996683,-0.041140214943398146,0.31457305515440803,0.42400212001432114,0.5852139465377983,0.7142857142857143,0.643,0.679,0.625,0.5,0.625,28,8,Healthcare,Biotechnology,"Replimune Group, Inc.",0.83
PTRN,0.22565968684857385,120d,0.7211997134493848,0.7440847546901359,0.903134038339882,0.9913043146548064,1.0130597965179269,1.0,1.0,0.923,1.0,1.0,0.667,13,3,Technology,Software - Application,Pattern Group Inc. - Series A,1.03
OII,0.22522608121988286,120d,-0.25765309033506545,0.1914325475073646,0.4147028518498448,0.5090074761746943,0.5489029358609759,0.7857142857142857,0.75,0.75,0.625,0.625,0.625,28,8,Energy,Oil & Gas Equipment & Services,"Oceaneering International, Inc.",1.25
ACMR,0.22467689120147727,120d,-0.011675709286098094,0.19363032753681075,0.5550614858694425,1.2555390265806454,1.5123303283139913,0.8928571428571429,0.893,0.571,0.875,0.875,0.625,28,8,Semiconductors,Semiconductor Equipment & Materials,"ACM Research, Inc.",2.35
BHE,0.22417901602893364,120d,-0.2054580480314287,0.3474618568614707,0.4863362103298501,0.5753622689294386,0.943987601760918,0.8214285714285714,0.821,0.821,0.75,0.75,0.75,28,8,Technology,Electronic Components,"Benchmark Electronics, Inc.",1.51
VLO,0.2234213601027405,120d,-0.13190710927050764,0.11237014124666889,0.42845154122689766,0.5745328296650178,0.6720962253381667,0.7857142857142857,0.714,0.643,0.625,0.5,0.5,28,8,Energy,,Valero Energy Corporation,0.58
UNH,0.22333327135795195,120d,-0.2519914240827678,-0.047643861062208914,0.21123876424915866,0.27913965032755395,0.44795273747397724,0.6071428571428571,0.607,0.607,0.5,0.5,0.5,28,8,Healthcare,Healthcare Plans,UnitedHealth Group Incorporated,0.25
CMBT,0.22210292572279455,120d,-0.14255838916978233,0.2727595399234734,0.35877363938722806,0.5329355022976019,0.5829588596650289,0.8571428571428571,0.857,0.821,0.75,0.75,0.75,28,8,Energy,Oil & Gas Midstream,CMB.TECH NV,0.59
UNIT,0.2216968738212325,120d,-0.3122810645974857,-0.12057958488612328,0.20100060799314623,0.4438441756423632,0.6054517117393198,0.7142857142857143,0.571,0.714,0.625,0.5,0.625,28,8,Real Estate,REIT - Specialty,Uniti Group Inc.,1.2
ECO,0.21989293709725388,120d,0.06376099207750538,0.1380551135470453,0.48440193961520783,0.6106759302225863,0.6402940132103085,0.8928571428571429,0.821,0.643,0.875,0.75,0.5,28,8,Industrials,Marine Shipping,Okeanis Eco Tankers Corp.,0.51
ALKS,0.2192615500620455,120d,-0.03629111683027046,0.035991720298966634,0.29405723459676136,0.5636945837474825,0.679565598031685,0.8928571428571429,0.821,0.714,0.875,0.75,0.5,28,8,Healthcare,Drug Manufacturers - Specialty & Generic,Alkermes plc,0.63
LQDA,0.21877188322430696,120d,-0.0664265594343259,0.22202962354053934,0.75119337639427,0.999074563436634,1.2606894711381496,0.8571428571428571,0.821,0.607,0.75,0.75,0.5,28,8,Healthcare,,Liquidia Corporation,0.95
TALO,0.21866788998886777,120d,-0.28246646160517475,-0.11236760222371203,0.18916758122874489,0.3002541930779134,0.46832936073966797,0.6428571428571429,0.607,0.643,0.5,0.5,0.5,28,8,Energy,Oil & Gas E&P,"Talos Energy, Inc.",0.84
CGON,0.2178289579958308,120d,-0.23322644297455108,-0.0415584019252232,0.35375879105466956,0.7543351525727293,1.1224058948564652,0.72,0.72,0.72,0.571,0.571,0.571,25,7,Biotech,Biotechnology,"CG Oncology, Inc.",1.48
VG,0.2164979217141575,120d,-0.30295467454291586,-0.09184087235404789,0.37316147367388874,0.5516764208699778,0.7147695755343233,0.7222222222222222,0.722,0.722,0.75,0.75,0.75,18,4,Energy,,"Venture Global, Inc.",1.0
NBR,0.2164077709123649,120d,-0.5912167309292977,-0.061501455622454515,0.21198336944450757,0.5894716960734856,0.9823062499870018,0.7142857142857143,0.643,0.714,0.625,0.5,0.625,28,8,Energy,Oil & Gas Drilling,Nabors Industries Ltd.,1.51
FTXL,0.21114562900199285,120d,-0.0472533221736731,0.23725268997883542,0.4749167649670486,0.6385785108777688,0.9831583417551358,0.8928571428571429,0.821,0.75,0.875,0.75,0.625,28,8,Unknown,,First Trust Nasdaq Semiconducto,2.05
INSW,0.21059242072470663,120d,-0.03193576409311618,0.1274057588728374,0.5030220945275304,0.6932943877120028,0.7472016188261188,0.8928571428571429,0.75,0.643,0.875,0.625,0.5,28,8,Energy,Oil & Gas Midstream,"International Seaways, Inc.",0.5
SOXX,0.2079719155880364,120d,-0.04142532136970416,0.26844083770943156,0.4666865213929384,0.5274731876018938,0.9032664499090817,0.8928571428571429,0.821,0.75,0.875,0.75,0.625,28,8,Semiconductors,,iShares PHLX SOX Semiconductor Sector Index Fund,2.04
BLMN,0.20681687051449033,120d,-0.42841865679470037,-0.32671100736526654,-0.009238043874001955,0.2531904939699417,0.4082433564027951,0.5,0.393,0.643,0.375,0.25,0.5,28,8,Consumer Discretionary,Restaurants,"Bloomin' Brands, Inc.",1.28
PR,0.2062801580155983,120d,-0.12493980734908545,0.1134821004010482,0.261892632955005,0.33498767652915085,0.37808413682650577,0.75,0.75,0.75,0.625,0.625,0.625,28,8,Energy,,Permian Resources Corporation,0.85
LYB,0.20528811169617595,120d,-0.26529282290276035,-0.005133865325696596,0.09422997419076262,0.1908164317365293,0.29447507365892234,0.75,0.5,0.821,0.625,0.375,0.75,28,8,Materials,,LyondellBasell Industries N.V.,0.65
MKSI,0.20353208529906885,120d,-0.23351574088684837,0.08652068273493202,0.38270759623232553,1.3254232216637245,1.5070708693086718,0.75,0.75,0.714,0.625,0.625,0.625,28,8,Technology,,MKS Inc.,2.57
VSAT,0.20309258322573753,120d,-0.3269234042301793,-0.1419388818389467,0.6321955743677411,0.7482273359939908,0.8622678522058158,0.6785714285714286,0.679,0.643,0.625,0.625,0.5,28,8,Technology,,"Viasat, Inc.",2.04
ENLT,0.2015655419926583,120d,-0.0418515694465131,0.01564472032438019,0.40474949554334083,1.056020661482143,1.481817912449765,0.7857142857142857,0.821,0.679,0.625,0.75,0.625,28,8,Utilities,Utilities - Renewable,Enlight Renewable Energy Ltd.,1.03
KRMN,0.24812889981263275,20d,-0.2327863455698177,0.029472723088226738,0.27421771086495705,0.332264229134646,0.4354510533104557,0.75,0.8,0.75,0.8,0.8,0.8,20,5,Industrials,,Karman Holdings Inc.,2.02
NKTR,0.2021236386737183,20d,-0.2538095398554726,-0.11280742238335942,0.22931231798969043,0.8455764074119573,0.9872828282586638,0.6666666666666666,0.7,0.6,0.556,0.556,0.556,30,9,Healthcare,Biotechnology,Nektar Therapeutics,1.84
BWET,0.19729391158071075,20d,-0.014662993239143503,0.11153294424509363,0.23917168782232268,0.6758239792836135,0.9065777691814579,0.8666666666666667,0.9,0.833,0.889,0.889,0.778,30,9,Unknown,,Breakwave Tanker Shipping ETF,-0.15
ICHR,0.1967028684575185,20d,-0.05095813936132574,0.016615360743164498,0.22024202354441513,0.4242284863877812,0.5798623611050412,0.8,0.8,0.733,0.667,0.778,0.667,30,9,Technology,Semiconductor Equipment & Materials,Ichor Holdings,2.72
FSLY,0.17437803985275036,20d,-0.13891636172032218,-0.08988621192175197,0.16417038737307021,0.4564699526420055,0.9627411284839741,0.6333333333333333,0.633,0.667,0.556,0.556,0.556,30,9,Technology,Software - Application,"Fastly, Inc.",1.62
FET,0.17294854136804105,20d,-0.05276072329641824,0.04615538038506023,0.18639389543305418,0.24875841035932084,0.43174958185377293,0.8,0.767,0.8,0.778,0.778,0.778,30,9,Energy,Oil & Gas Equipment & Services,"Forum Energy Technologies, Inc.",1.18
DNTH,0.16346793205292032,20d,-0.14281294498919997,0.012090743548676008,0.1959205556004523,0.5970533973372911,0.6844171500285401,0.7666666666666667,0.8,0.7,0.667,0.667,0.667,30,9,Healthcare,Biotechnology,"Dianthus Therapeutics, Inc.",1.09
NESR,0.16302838800042163,20d,-0.09681320422499695,-0.0034247358289551943,0.20557497425577687,0.2763351019996976,0.3016882993719437,0.68,0.8,0.64,0.714,0.857,0.571,25,7,Energy,Oil & Gas Equipment & Services,National Energy Services Reunit,1.43
ORIC,0.13638923479327192,20d,-0.10449698525689197,-0.012125865495954763,0.14293602488481838,0.22033958829681555,0.29175604956128637,0.7333333333333333,0.733,0.733,0.889,0.889,0.889,30,9,Healthcare,Biotechnology,"Oric Pharmaceuticals, Inc.",1.49
PBF,0.13112814284868812,20d,-0.007718311546544525,0.03088252552923587,0.1357432374725588,0.2433609246792846,0.29977472018387213,0.9,0.833,0.867,0.778,0.667,0.778,30,9,Energy,,PBF Energy Inc.,0.72
SOLS,0.12371167570179886,20d,-0.026528812675233188,0.08697325862034921,0.16024765789244122,0.2718807258121335,0.29895107368480106,0.8666666666666667,0.867,0.8,1.0,1.0,1.0,15,4,Materials,,"Solstice Advanced Materials, Inc.",0.99
GPRE,0.11982925485832518,20d,-0.1534509461249936,-0.08315246738756907,0.0961339772048343,0.2009273393916679,0.25604052534160066,0.6666666666666666,0.633,0.7,0.556,0.556,0.556,30,9,Materials,Chemicals,"Green Plains, Inc.",0.98
DK,0.11944802240770624,20d,-0.11297680021943515,0.021313549938733745,0.13592428178530258,0.22778499415792974,0.3218101626745693,0.8,0.733,0.767,0.667,0.667,0.667,30,9,Energy,Oil & Gas Refining & Marketing,"Delek US Holdings, Inc.",0.75
TNK,0.11679491886054294,20d,-0.0795013320344526,0.028539303818565176,0.13156005066323428,0.1883829142954465,0.22792989304623024,0.8333333333333334,0.767,0.833,0.889,0.778,0.889,30,9,Energy,Oil & Gas Midstream,Teekay Tankers Ltd.,0.41
CGEM,0.11667168716987036,20d,-0.20341936275740077,-0.14422790176235425,0.10255941606057406,0.25490660867385306,0.6694071227347296,0.5666666666666667,0.533,0.6,0.556,0.556,0.556,30,9,Healthcare,Biotechnology,"Cullinan Therapeutics, Inc.",1.24
FIX,0.11181725079163674,20d,-0.019603245258634126,0.03370839293975486,0.167784615508637,0.21142430164815912,0.2617175761866229,0.8,0.8,0.667,0.889,0.889,0.667,30,9,Industrials,,"Comfort Systems USA, Inc.",1.94
CRGY,0.10988609063855137,20d,-0.0583903633782406,-0.03326086209991741,0.12676281319973237,0.1812665579495717,0.20041835721313236,0.7,0.633,0.667,0.556,0.556,0.556,30,9,Energy,Oil & Gas E&P,Crescent Energy Company,1.07
Q,0.10921570928210711,20d,-0.025487827753536103,0.05219260877066767,0.16096150421959532,0.17574739742216883,0.19536043812429718,0.8,0.867,0.8,1.0,0.75,0.75,15,4,Technology,,"Qnity Electronics, Inc.",1.84
LASR,0.10846719951754658,20d,-0.10318645537678751,0.020101882696424156,0.1287033088737587,0.23785769724829214,0.3244561209767894,0.8,0.767,0.733,0.667,0.778,0.667,30,9,Technology,Semiconductors,"nLIGHT, Inc.",2.13
MLTX,0.10796790169558368,20d,-0.1356775331339176,-0.039933219725156954,0.11098168380646134,0.17446549765404257,0.20307632750061286,0.6333333333333333,0.633,0.6,0.667,0.556,0.556,30,9,Biotech,,MoonLake Immunotherapeutics,0.93
NXT,0.10716431436192708,20d,-0.12012291087000566,-0.014337820328515938,0.11325216466821886,0.2446651942711267,0.34968313253879607,0.7333333333333333,0.7,0.733,0.778,0.778,0.778,30,9,Technology,,Nextpower Inc.,1.4
PTEN,0.10682912618454143,20d,-0.03996724783027378,0.06362528720529642,0.10863987506806039,0.14997261711694554,0.1803272284713337,0.8666666666666667,0.8,0.867,0.889,0.778,0.889,30,9,Energy,,"Patterson-UTI Energy, Inc.",1.21
VG,0.10604687062518503,20d,-0.047063696740763813,0.015081220019675046,0.111427324667002,0.29483303233403557,0.437943358108168,0.8,0.8,0.8,1.0,1.0,1.0,20,5,Energy,,"Venture Global, Inc.",1.0
SPHR,0.10458246191385023,20d,-0.08406197643400941,0.003675694040619404,0.14730851380672727,0.25258741815783503,0.35137449231603674,0.7666666666666667,0.733,0.667,0.778,0.667,0.667,30,9,Communication Services,,Sphere Entertainment Co.,1.55
STNG,0.10404988803667647,20d,-0.04787871071892046,0.013206984231058483,0.11302427314501151,0.22251594145493814,0.27863581263872794,0.8333333333333334,0.767,0.733,0.889,0.778,0.778,30,9,Energy,,Scorpio Tankers Inc.,0.41
PARR,0.10163018054076356,20d,-0.0567328224093196,0.036927413573304035,0.11191652755931003,0.18537426498895998,0.261456958653651,0.8666666666666667,0.8,0.8,0.778,0.778,0.778,30,9,Energy,Oil & Gas Refining & Marketing,"Par Pacific Holdings, Inc. Comm",0.53
VET,0.1015273085503633,20d,-0.05246633425634979,0.011273170523044385,0.09453300198680326,0.15121447482171396,0.20193971226771523,0.7666666666666667,0.667,0.767,0.667,0.556,0.667,30,9,Energy,Oil & Gas E&P,Vermilion Energy Inc.,0.93
POWL,0.10121858941061301,20d,-0.07812522504637183,0.0008253205206562586,0.15493363418995165,0.2529124623160166,0.4349709046457813,0.7333333333333333,0.767,0.667,0.778,0.778,0.778,30,9,Industrials,,"Powell Industries, Inc.",1.85
LITE,0.10050460136560946,20d,-0.0608354923357418,-0.021247417507889305,0.189535209278489,0.33895213328914253,0.5966028076329898,0.7,0.733,0.6,0.556,0.556,0.556,30,9,Technology,,Lumentum Holdings Inc.,2.43
TRMD,0.0981828499332068,20d,-0.07285525492298273,0.0017430764353389694,0.11170537437677042,0.20752792960134792,0.23921700945530486,0.7333333333333333,0.733,0.7,0.889,0.667,0.778,30,9,Unknown,,,0.52
VICR,0.09625324671619706,20d,-0.0992831807276842,0.02990971369598583,0.12533941876436594,0.19859093892407814,0.37511944524554897,0.7666666666666667,0.767,0.733,0.778,0.778,0.778,30,9,Technology,,Vicor Corporation,2.13
NBR,0.09608094555178526,20d,-0.08284255271167605,0.03642893942089953,0.11857164118115149,0.15988138203669916,0.19374134961644618,0.8333333333333334,0.767,0.8,0.778,0.667,0.778,30,9,Energy,Oil & Gas Drilling,Nabors Industries Ltd.,1.51
CC,0.09586429919982437,20d,-0.08031087851960267,-0.04312569631723431,0.0753560538280772,0.19814792586019908,0.27145854200588304,0.6333333333333333,0.567,0.7,0.556,0.556,0.667,30,9,Materials,Specialty Chemicals,Chemours Company (The),1.77
LB,0.0949793186182446,20d,-0.030870432952388692,0.02612486534656555,0.12051176371415862,0.17289240060068178,0.27642687986608216,0.76,0.8,0.76,0.714,0.571,0.571,25,7,Energy,Oil & Gas Equipment & Services,LandBridge Company LLC,1.58
CGON,0.09496070141361646,20d,-0.09528397621763454,-0.011533939017297656,0.09897965280675103,0.2769618694682068,0.41538481043440517,0.7407407407407407,0.741,0.741,0.625,0.625,0.625,27,8,Biotech,Biotechnology,"CG Oncology, Inc.",1.48
LBRT,0.09437335391857415,20d,-0.047174804122893974,0.0350826197975902,0.09737532603951549,0.178988109335583,0.33562650054695176,0.7666666666666667,0.733,0.767,0.778,0.667,0.778,30,9,Energy,,Liberty Energy Inc.,1.4
DAN,0.09374738987702413,20d,-0.06980989819713462,0.001691588533402122,0.1051833060887537,0.17736976457365933,0.20573196105768268,0.7666666666666667,0.7,0.7,0.778,0.667,0.778,30,9,Consumer Discretionary,Auto Parts,Dana Incorporated,1.51
LYB,0.0930508304462549,20d,-0.06701399045303427,-0.02199875802154949,0.08955957324246933,0.14301082142920785,0.2025766134333594,0.6666666666666666,0.6,0.667,0.556,0.444,0.556,30,9,Materials,,LyondellBasell Industries N.V.,0.65
AUGO,0.09264042151404317,20d,0.03814773338494572,0.16287481735782783,0.22301116862959847,0.26006596895543677,0.353219019901606,0.8888888888888888,0.889,0.778,1.0,1.0,1.0,18,5,Materials,Gold,Aura Minerals Inc.,1.55
NXE,0.0922593758045267,20d,-0.08290187916109493,-0.02566426051889742,0.1077552050849746,0.16829434535039933,0.2790884206014777,0.6333333333333333,0.633,0.633,0.667,0.667,0.556,30,9,Energy,,NexGen Energy Ltd.,1.57
ONTO,0.09185824225017747,20d,-0.08215438089592383,0.010255502579889553,0.12024918244945138,0.17713995233004315,0.24555410923837487,0.7666666666666667,0.8,0.7,0.778,0.889,0.778,30,9,Technology,,Onto Innovation Inc.,2.51
TYRA,0.09061099566245479,20d,-0.18282839232862014,0.028946387279953967,0.1197451134176597,0.1853993891962843,0.3838749110524929,0.7666666666666667,0.8,0.733,0.667,0.778,0.667,30,9,Healthcare,Biotechnology,"Tyra Biosciences, Inc.",1.11
FRO,0.09049849568860735,20d,-0.030519833728256236,0.04417210022781182,0.12136459040882064,0.2569003921738388,0.36911300896729415,0.8666666666666667,0.8,0.8,0.889,0.778,0.889,30,9,Energy,,Frontline plc,0.59
ENPH,0.09019715485179908,20d,-0.1536744894102431,-0.09270229949628994,0.047272458303382336,0.1513524177687134,0.24701743558731692,0.5666666666666667,0.567,0.633,0.556,0.556,0.778,30,9,Technology,,"Enphase Energy, Inc.",1.48
APA,0.0888819696112858,20d,-0.06135149374300443,-0.014012398054068398,0.0866250229585318,0.17353452140504405,0.20335374845743837,0.7333333333333333,0.667,0.733,0.667,0.556,0.667,30,9,Energy,Oil & Gas E&P,APA Corporation,0.79
HWM,0.08875149381091163,20d,-0.018294432360457278,0.022041327028435198,0.12909858581733247,0.17312355571262783,0.19837049523608513,0.8,0.833,0.733,1.0,1.0,0.778,30,9,Defense,,Howmet Aerospace Inc.,1.18
DXPE,0.08820497979084141,20d,-0.06251058645650705,0.0049775726398290365,0.12494638378219303,0.19019278855147453,0.2612942800053529,0.7333333333333333,0.733,0.7,0.889,0.778,0.667,30,9,Industrials,Industrial Distribution,"DXP Enterprises, Inc.",1.45
MKSI,0.08745926191402464,20d,-0.08836114438245234,-0.016406267685990517,0.13825204927146073,0.1916207306935543,0.30374012880389456,0.6666666666666666,0.733,0.633,0.556,0.778,0.556,30,9,Technology,,MKS Inc.,2.57
ECO,0.08704505088349557,20d,-0.0552418191034007,0.0377913273486169,0.1382467798577709,0.24060837483684167,0.2989139924024544,0.8333333333333334,0.8,0.7,0.889,0.778,0.667,30,9,Industrials,Marine Shipping,Okeanis Eco Tankers Corp.,0.51
ENLT,0.08675269124202833,20d,-0.018915571174594092,0.01818073567912104,0.11265813738884412,0.23649308756709253,0.28194711144604034,0.8,0.767,0.7,0.778,0.667,0.667,30,9,Utilities,Utilities - Renewable,Enlight Renewable Energy Ltd.,1.03
UCTT,0.08656785479079643,20d,-0.020910335073984883,0.06182525667840727,0.12879788530791292,0.29918979802358175,0.6060275066291756,0.8333333333333334,0.867,0.767,0.667,0.778,0.667,30,9,Technology,Semiconductor Equipment & Materials,"Ultra Clean Holdings, Inc.",2.53
ENTG,0.08533021475274027,20d,-0.06841131050057878,-0.02678445485588224,0.10335199736599499,0.1746144654789571,0.2182321903358852,0.7333333333333333,0.667,0.7,0.778,0.667,0.778,30,9,Technology,,"Entegris, Inc.",2.48
MRCY,0.08509483848679844,20d,-0.12048365479289871,-0.014555404935979482,0.10414665902921094,0.21335524439893683,0.2615537642859151,0.7,0.667,0.633,0.778,0.778,0.667,30,9,Industrials,,"Mercury Systems, Inc.",1.14
OVV,0.08496988682613849,20d,-0.049696401441730105,0.05008415002959343,0.09510156884636212,0.1501801515347832,0.2133519480017111,0.8666666666666667,0.767,0.867,0.778,0.667,0.778,30,9,Energy,,Ovintiv Inc.,0.84
CLMT,0.08440879476451535,20d,0.0055228116738598705,0.03129596545536367,0.11976648108703714,0.18879755807547377,0.3432009993177072,0.9,0.833,0.7,0.889,0.667,0.667,30,9,Materials,Specialty Chemicals,"Calumet, Inc",0.96
ELF,0.08431781200767341,20d,-0.06339693682922372,-0.00591281697945642,0.08921929099299297,0.15397773029441642,0.21957991598192778,0.7,0.7,0.667,0.667,0.556,0.667,30,9,Consumer Staples,,"e.l.f. Beauty, Inc.",1.52
MEOH,0.08406802345168873,20d,0.003804094894164659,0.031132197499050884,0.1086090304584767,0.16941965262261954,0.19223335950776405,0.9,0.833,0.767,0.889,0.778,0.889,30,9,Materials,Chemicals,Methanex Corporation,0.96
XPRO,0.08322080925122477,20d,-0.02669875454084003,0.006116940719592623,0.09820389831494847,0.13887257581918927,0.19290316176733474,0.7666666666666667,0.733,0.733,0.889,0.778,0.889,30,9,Energy,Oil & Gas Equipment & Services,Expro Ltd,1.39
CMBT,0.08284428228388208,20d,-0.14963381391993275,0.003012902032065945,0.09465275356942893,0.18380666375491306,0.2772300488933331,0.7666666666666667,0.667,0.667,0.889,0.778,0.778,30,9,Energy,Oil & Gas Midstream,CMB.TECH NV,0.59
MTDR,0.08277055922932824,20d,-0.055438336970464054,0.012488913962915738,0.07735189638811213,0.15256296309402861,0.19643725088021,0.8,0.7,0.8,0.778,0.556,0.778,30,9,Energy,,Matador Resources Company,0.82
WLK,0.08175727540072936,20d,-0.0547343960707812,-0.01574810851311209,0.0656607432493892,0.10966819080177154,0.17957778777585184,0.7,0.6,0.733,0.667,0.444,0.667,30,9,Materials,,Westlake Corporation,1.0
PRDO,0.08083564024795542,20d,-0.008897799359885024,0.011123862320505828,0.08813655697601219,0.12158361774348264,0.26352853934152576,0.8666666666666667,0.8,0.8,0.889,0.667,0.889,30,9,Consumer Staples,Education & Training Services,Perdoceo Education Corporation,0.5
AROC,0.08013350486694037,20d,-0.022094553143947274,0.0173342037712218,0.10556294099549568,0.14669521907522703,0.24993677198998623,0.8,0.8,0.733,0.778,0.667,0.667,30,9,Energy,Oil & Gas Equipment & Services,"Archrock, Inc.",1.09
AR,0.0794349857457648,20d,-0.04527563789896004,-0.012543653209673544,0.08086887529439257,0.1358578600468281,0.21375501669347044,0.7,0.7,0.7,0.778,0.667,0.778,30,9,Energy,Oil & Gas E&P,Antero Resources Corporation,0.77
KLIC,0.07877609461248325,20d,-0.07016101120166325,-0.038207341653512944,0.08757402885529397,0.18247543551973716,0.2008049712743129,0.6,0.633,0.567,0.556,0.556,0.556,30,9,Technology,Semiconductor Equipment & Materials,"Kulicke and Soffa Industries, I",1.74
AG,0.07843586263584934,20d,-0.17881350724594855,-0.0902424547109274,0.11026253572539069,0.1874260103290757,0.2803313195861378,0.6,0.6,0.6,0.556,0.556,0.556,30,9,Materials,Silver,First Majestic Silver Corp.,1.51
PR,0.07824551358044429,20d,-0.03696352340075669,0.03606738596103426,0.08734012122015244,0.1472061851034664,0.19436915377490416,0.8333333333333334,0.8,0.833,0.778,0.667,0.778,30,9,Energy,,Permian Resources Corporation,0.85
NOG,0.07772804381702747,20d,-0.050576786286331006,0.0066663734680032505,0.07549450804468105,0.15871552520277638,0.1684951361210326,0.8,0.733,0.8,0.667,0.667,0.667,30,9,Energy,Oil & Gas E&P,"Northern Oil and Gas, Inc.",1.0
VIR,0.07726195369296651,20d,-0.07897754489105471,-0.022245090494342534,0.08276759483300866,0.242051514928247,0.3577289691893561,0.7,0.567,0.7,0.556,0.556,0.556,30,9,Healthcare,Biotechnology,"Vir Biotechnology, Inc.",1.55
CRI,0.07718826280835334,20d,-0.09508131496876117,-0.04198991791796103,0.06942365377871285,0.12329894976921696,0.17681328526603843,0.5666666666666667,0.567,0.6,0.556,0.556,0.667,30,9,Consumer Discretionary,Apparel Retail,"Carter's, Inc.",1.03
KGS,0.07691063225997963,20d,-0.03324404844525994,0.019371500142852993,0.11884363002180653,0.14738751206614337,0.27055226011579603,0.8,0.733,0.667,0.667,0.556,0.556,30,9,Energy,Oil & Gas Equipment & Services,"Kodiak Gas Services, Inc.",1.04
PCOR,0.07595973795874122,20d,-0.22370634427884423,-0.09500078631100575,0.08230132803087298,0.13486775611393564,0.27986184766955813,0.5666666666666667,0.6,0.567,0.556,0.556,0.556,30,9,Technology,,"Procore Technologies, Inc.",1.36
HP,0.0754304429061553,20d,-0.02671608775398217,0.01875736240432241,0.08436362220980465,0.1570594135994653,0.2818578461030572,0.8,0.767,0.8,0.889,0.778,0.889,30,9,Energy,Oil & Gas Drilling,"Helmerich & Payne, Inc.",1.05
NE,0.0754006998886011,20d,-0.010196183878323307,0.005260597675695311,0.0770018713149001,0.16621326890203503,0.27154767676626396,0.8333333333333334,0.7,0.8,0.778,0.778,0.778,30,9,Energy,,Noble Corporation plc,1.14
ELVN,0.07524870234144898,20d,-0.1117101798940492,-0.01244473047858849,0.10017742695456011,0.24482957197853483,0.5465753541234558,0.7333333333333333,0.7,0.667,0.778,0.667,0.667,30,9,Healthcare,Biotechnology,"Enliven Therapeutics, Inc.",1.37
CIEN,0.07480792167640649,20d,0.02912483474405306,0.08358390561987206,0.14528442015130572,0.24173953623262223,0.5081522306455204,0.9333333333333333,0.967,0.8,1.0,1.0,0.778,30,9,Technology,Communication Equipment,Ciena Corporation,1.9
VRT,0.07442416298890686,20d,-0.09885294002874177,0.057142173736074275,0.14510356446101347,0.277341771172399,0.3449359119330784,0.8,0.833,0.7,0.778,0.778,0.667,30,9,Industrials,,Vertiv Holdings Co,2.4
AIR,0.0742721721763917,20d,-0.04682457004045415,0.05490806051544417,0.09757177607926126,0.17349122350506757,0.2247378480059625,0.8666666666666667,0.867,0.833,1.0,1.0,0.889,30,9,Defense,Aerospace & Defense,AAR Corp.,1.28
UTI,0.07408481231849873,20d,-0.06482847688099004,0.03025954433648259,0.09679184772073024,0.19870257418432136,0.3841969204062087,0.8,0.833,0.767,0.778,0.889,0.778,30,9,Consumer Staples,Education & Training Services,Universal Technical Institute I,0.89
BTU,0.07235452714895463,20d,-0.13855644666697345,-0.06672476584503209,0.06894328731478228,0.15140289869283058,0.2884433054871198,0.6333333333333333,0.633,0.633,0.667,0.667,0.667,30,9,Energy,Thermal Coal,Peabody Energy Corporation,0.75
CVE,0.07099136443634435,20d,-0.04228120901305566,0.007671817003119252,0.08745034596856083,0.15995296386456687,0.19916510287363878,0.7666666666666667,0.767,0.733,0.667,0.667,0.556,30,9,Energy,Oil & Gas Integrated,Cenovus Energy Inc.,0.71
WIX,0.07076215406854197,20d,-0.21156543631213204,-0.09416937498664793,0.06727934292944082,0.3315034933654756,0.3893855094755236,0.6333333333333333,0.567,0.633,0.667,0.556,0.667,30,9,Technology,,Wix.com Ltd.,1.09
OII,0.07020611811828481,20d,-0.02302439432781752,0.02913616668879193,0.0917392964315501,0.19490276352404917,0.23097438316948465,0.8333333333333334,0.867,0.767,0.778,0.778,0.667,30,9,Energy,Oil & Gas Equipment & Services,"Oceaneering International, Inc.",1.25
AGX,0.06998339423556554,20d,-0.011606268916102051,0.0344867079977943,0.13809396758130832,0.21387744565618805,0.26299589952989055,0.8666666666666667,0.7,0.667,0.778,0.667,0.667,30,9,Industrials,Engineering & Construction,"Argan, Inc.",1.33
AMR,0.06956678262544458,20d,-0.17549906116211234,-0.09980928328025071,0.059721381960442965,0.15981197703992872,0.24311484862623656,0.6333333333333333,0.6,0.667,0.778,0.667,0.778,30,9,Materials,Coking Coal,"Alpha Metallurgical Resources, Inc.",0.78
PBR,0.06948456563304795,20d,-0.020372990039437506,0.025745181057955757,0.08677785349421097,0.15173674805804255,0.255659205221044,0.8666666666666667,0.8,0.833,0.889,0.667,0.778,30,9,Energy,,Petr?leo Brasileiro S.A. - Petrobras,0.4
DHT,0.06930783204293633,20d,-0.011066933715577498,0.03341406592807228,0.08691667288357019,0.22761530937732477,0.3104815412960663,0.8333333333333334,0.8,0.8,0.889,0.778,0.889,30,9,Energy,Oil & Gas Midstream,"DHT Holdings, Inc.",0.38
EQT,0.06907959688365778,20d,-0.06288784218519256,0.006711783935875071,0.06831638724362199,0.10446449668414765,0.1439398378424739,0.7666666666666667,0.667,0.767,0.778,0.667,0.778,30,9,Energy,,EQT Corporation,0.62
OXY,0.06834984979024505,20d,-0.01322991498273342,0.01791636225691301,0.07156358908567173,0.13385092013230548,0.18816109674085926,0.8333333333333334,0.7,0.833,0.778,0.667,0.778,30,9,Energy,,Occidental Petroleum Corporation,0.47
LINC,0.06814302516421189,20d,-0.17957910415846842,0.08697790089560453,0.10336638300552725,0.23394801017302175,0.33704512052313795,0.8,0.8,0.8,0.778,0.778,0.778,30,9,Consumer Staples,Education & Training Services,Lincoln Educational Services Co,0.95
NVCR,0.06776446478024639,20d,-0.14450812111576206,-0.06341062716501128,0.06681171837117172,0.1252506946862036,0.2590026901773014,0.7,0.7,0.7,0.667,0.667,0.667,30,9,Healthcare,Medical Devices,NovoCure Limited,1.43
HOS,0.06751868277238071,20d,-0.057726991422609716,0.01602619707433206,0.06966689986428853,0.15645445384395296,0.23864059452129938,0.8,0.7,0.8,0.667,0.556,0.667,30,9,Unknown,,"Hornbeck Offshore Services, Inc",1.12
SXC,0.06709074638815038,20d,-0.25858530186042983,-0.13902863626429557,0.0711432066572546,0.10428652394832716,0.16553949025444095,0.6333333333333333,0.667,0.633,0.667,0.667,0.667,30,9,Materials,Coking Coal,"SunCoke Energy, Inc.",0.74
TNDM,0.06632097689077737,20d,-0.09947634635000133,-0.0469667353121333,0.059637086455083255,0.21550350186397754,0.33334432915319595,0.6,0.567,0.6,0.667,0.667,0.667,30,9,Healthcare,Medical Devices,"Tandem Diabetes Care, Inc.",1.26
SM,0.06616931628660683,20d,-0.048320795019585146,0.021063157450639747,0.07095801809865443,0.15363093786981308,0.24658870965195862,0.7666666666666667,0.733,0.767,0.778,0.778,0.778,30,9,Energy,,SM Energy Company,0.95
VIAV,0.06573259546965127,20d,-0.09229031534472158,-0.02773089411322663,0.10642706031313787,0.23687227273264355,0.42006946863840217,0.6666666666666666,0.667,0.667,0.556,0.556,0.556,30,9,Technology,,Viavi Solutions Inc.,1.25
PTF,0.06555881558641752,20d,-0.03772816224769184,-0.013074380512307915,0.0975166661530269,0.11400069790761241,0.13858100598875317,0.7,0.733,0.6,0.778,0.778,0.667,30,9,Unknown,,Invesco Dorsey Wright Technolog,1.89
FORM,0.06542860322917943,20d,-0.016517607139173898,0.032786991766392604,0.10008407750708237,0.23952997807689758,0.2821126002864649,0.8333333333333334,0.833,0.733,0.889,0.778,0.778,30,9,Technology,,"FormFactor, Inc.",2.35
ROAD,0.06528976198762859,20d,-0.09996940023928587,-0.018070331224015662,0.09510790358941523,0.15774490744660924,0.23352456380869188,0.7333333333333333,0.7,0.667,0.778,0.778,0.667,30,9,Industrials,Engineering & Construction,"Construction Partners, Inc.",1.53
QXO,0.06494592786529552,20d,-0.0769779566986743,-0.03767340280443027,0.06833954218263294,0.1247575382545626,0.1694425702431509,0.6333333333333333,0.633,0.633,0.667,0.667,0.667,30,9,Industrials,,"QXO, Inc.",1.04
EDU,0.06477300149526499,20d,-0.08715607175983728,-0.03985634974700586,0.057256499617578394,0.09296365714389093,0.12334868819344416,0.6333333333333333,0.7,0.7,0.556,0.667,0.556,30,9,Consumer Staples,Education & Training Services,New Oriental Education & Techno,0.48
RRC,0.06474510722447746,20d,-0.023971879971619918,0.018065287477989078,0.07117430423426208,0.1274129299116723,0.1498089984586033,0.8,0.733,0.767,0.778,0.778,0.778,30,9,Energy,,Range Resources Corporation,0.64
MPC,0.06474171792138361,20d,-0.05953172967582118,0.04341901044639751,0.09281873807777719,0.12442593769383242,0.16694472463964666,0.8333333333333334,0.8,0.767,0.667,0.778,0.667,30,9,Energy,,Marathon Petroleum Corporation,0.62
INSW,0.0647070400115618,20d,-0.03393104798181817,0.03863670161058774,0.10463724766640403,0.19530260162362673,0.23675911999036287,0.8666666666666667,0.767,0.733,0.889,0.778,0.778,30,9,Energy,Oil & Gas Midstream,"International Seaways, Inc.",0.5
DOW,0.06466407408965141,20d,-0.08487689979323879,-0.0226944808349884,0.05889675842270148,0.13446578037890528,0.20545304022262997,0.7,0.533,0.733,0.667,0.333,0.667,30,9,Materials,Chemicals,Dow Inc.,0.83
UNF,0.06428591088241853,20d,-0.0174621678108522,0.020415961418020823,0.06733459634770711,0.12783205551625393,0.14208855278056678,0.8,0.7,0.8,0.667,0.556,0.667,30,9,Industrials,Specialty Business Services,Unifirst Corporation,0.6
VLO,0.06384587206409065,20d,0.016727918988340796,0.06525780597438374,0.09871882179223046,0.14382491783426582,0.1807101437813817,0.9,0.867,0.833,0.778,0.889,0.778,30,9,Energy,,Valero Energy Corporation,0.58
KTOS,0.06303156230910456,20d,-0.14670710080762298,-0.03970311515173583,0.09675929378544124,0.24963954323336457,0.35127854358217486,0.7,0.7,0.7,0.889,0.889,0.889,30,9,Defense,,"Kratos Defense & Security Solutions, Inc.",1.32
FCG,0.06276584624967141,20d,-0.029964489124802804,0.01581555535602641,0.06754541928160296,0.09543368136037889,0.12709321721427763,0.8,0.7,0.8,0.778,0.667,0.778,30,9,Unknown,,First Trust Natural Gas ETF,0.63
XOP,0.06238212113373487,20d,-0.013651759622269123,0.03404174673240351,0.07000893114040063,0.10434103172229214,0.13095357350282408,0.8666666666666667,0.733,0.867,0.778,0.667,0.778,30,9,Energy,,State Street SPDR S&P Oil & Gas Exploration & Production ETF,0.66
ZGN,0.061114757935374464,20d,-0.1342961437564812,-0.051448558282905066,0.06073748022739045,0.15890122661337341,0.18231191235883873,0.6666666666666666,0.633,0.667,0.667,0.556,0.667,30,9,Consumer Discretionary,Apparel Manufacturing,Ermenegildo Zegna N.V.,1.05
PUMP,0.06107880993512699,20d,-0.00964468350783524,0.027017437217138673,0.05686513145567573,0.10941063860700817,0.20503609660872854,0.8666666666666667,0.8,0.9,0.778,0.667,0.778,30,9,Energy,Oil & Gas Equipment & Services,ProPetro Holding Corp.,1.43
HAL,0.06081387774333702,20d,-0.06373083192565063,0.01849937299443144,0.05505298084145749,0.09403532640787376,0.14461082010133045,0.8,0.8,0.833,0.667,0.556,0.667,30,9,Energy,,Halliburton Company,0.86
AEM,0.06034888201661892,20d,-0.0780177603186327,-0.011207787506756495,0.10916592262276237,0.13903584474421243,0.18244280919600925,0.7,0.733,0.667,0.667,0.778,0.667,30,9,Materials,Gold,Agnico Eagle Mines Limited,0.66
DECK,0.060201971099526685,20d,-0.1346478760663952,-0.0421532908715003,0.05924186007882093,0.16995712570519844,0.1831619495854744,0.6333333333333333,0.633,0.633,0.778,0.778,0.778,30,9,Consumer Discretionary,Footwear & Accessories,Deckers Outdoor Corporation,1.32
COHR,0.060117755079219126,20d,-0.10351061025185325,-0.020344236008534827,0.14712085461346924,0.22622197020112028,0.2921806094943,0.7,0.733,0.6,0.667,0.667,0.556,30,9,Technology,Scientific & Technical Instruments,Coherent Corp.,2.65
CRC,0.0598306728316238,20d,-0.026150789226815404,0.027903167519058414,0.06761607590802787,0.15265206608067922,0.1920200222021585,0.8,0.733,0.8,0.778,0.667,0.556,30,9,Energy,Oil & Gas E&P,California Resources Corporatio,0.91
EPC,0.05975193017393515,20d,-0.10794727188920629,-0.017388954801121792,0.051888938437254506,0.0842058911446571,0.1613746481104443,0.7333333333333333,0.667,0.733,0.667,0.667,0.778,30,9,Consumer Staples,Household & Personal Products,Edgewell Personal Care Company,0.55
FTDR,0.05958866081865266,20d,-0.056348573297644824,0.0020485855149180443,0.08836468550820431,0.1323096275441149,0.16177274707343758,0.7666666666666667,0.667,0.567,0.778,0.778,0.556,30,9,Consumer Discretionary,Personal Services,"frontdoor, inc.",0.84
CRUS,0.059565469162425,20d,-0.11505422152052604,-0.03818269972525279,0.07037289192639051,0.11872996798371,0.15010029199553795,0.6333333333333333,0.633,0.6,0.556,0.556,0.556,30,9,Semiconductors,Semiconductors,"Cirrus Logic, Inc.",1.38
TPL,0.05880946710669854,20d,-0.05233138966848335,-0.01815699099722895,0.06575436859512462,0.3460417670467277,0.4767955462821949,0.7,0.667,0.633,0.667,0.556,0.667,30,9,Energy,,Texas Pacific Land Corporation,1.07
TEN,0.05865100542174373,20d,-0.016159971509825385,0.022194509105248172,0.08425555470162005,0.22033815738716206,0.26202996238874354,0.8,0.733,0.7,0.778,0.778,0.778,30,9,Energy,Oil & Gas Midstream,Tsakos Energy Navigation Ltd,0.6
HCSG,0.058622669741659306,20d,-0.11398928063271149,-0.04700191987923799,0.062368145484573034,0.1058102370786983,0.12851872561001487,0.6333333333333333,0.6,0.633,0.667,0.556,0.667,30,9,Healthcare,Medical Care Facilities,"Healthcare Services Group, Inc.",0.85
LIND,0.058268287791512496,20d,-0.13055153237019168,-0.07510602222645998,0.08777533852290709,0.19474948367025624,0.27130858972345545,0.6666666666666666,0.667,0.6,0.667,0.667,0.556,30,9,Consumer Discretionary,Travel Services,Lindblad Expeditions Holdings I,1.56
PLAB,0.05825008402090348,20d,-0.08239133667804273,0.025675079443281734,0.06055096836544327,0.11417628903171645,0.15624783192673647,0.8,0.733,0.8,0.889,0.889,0.889,30,9,Technology,Semiconductor Equipment & Materials,"Photronics, Inc.",2.08
BNO,0.05821940568614381,20d,-0.03377684381250222,0.015059179018846514,0.0675580562118977,0.11711579546424222,0.3336933228324313,0.8,0.633,0.767,0.778,0.667,0.667,30,9,Unknown,,"United States Brent Oil Fund, L",-0.09
GRC,0.05820410564755496,20d,-0.1062241497938728,-0.037053178361608624,0.08435515199085009,0.14313827582776445,0.18724735729296668,0.6666666666666666,0.7,0.667,0.667,0.667,0.667,30,9,Industrials,Specialty Industrial Machinery,Gorman-Rupp Company (The),1.12
WFRD,0.0579627476573531,20d,-0.10689498148268685,0.002140012327180696,0.08243677604195487,0.1334787302231754,0.17079642818701898,0.7666666666666667,0.733,0.7,0.667,0.778,0.667,30,9,Energy,,Weatherford International plc,1.52
DGII,0.05794393515371565,20d,-0.11829135550681619,-0.022009936026095467,0.0916373267733076,0.13152289201626355,0.23792843075092812,0.7,0.733,0.667,0.667,0.667,0.556,30,9,Technology,Communication Equipment,Digi International Inc.,1.45
IEO,0.057613970519133306,20d,-0.014081391594795796,0.03128832575291984,0.06692640167067831,0.09887558439678795,0.13822413873092892,0.8666666666666667,0.733,0.867,0.778,0.667,0.778,30,9,Unknown,,iShares U.S. Oil & Gas Explorat,0.58
GOLD,0.05739917169831077,20d,-0.23678882589650652,-0.08864977042898009,0.06890401841779359,0.2468558081873496,0.3564405655807563,0.5666666666666667,0.633,0.567,0.556,0.667,0.556,30,9,Financials,Capital Markets,"Gold.com, Inc.",0.96
ONC,0.057169572219130216,20d,-0.13764368649206252,-0.11423402640944477,0.06696445459247613,0.10587537312655881,0.12049157110476338,0.6,0.533,0.567,0.667,0.667,0.667,30,9,Healthcare,Biotechnology,BeOne Medicines Ltd.,0.61
MGY,0.057156798115516216,20d,-0.03179364828147839,0.007265693597744871,0.06164884274375626,0.11848258947693913,0.14902958940927674,0.8,0.667,0.733,0.667,0.444,0.667,30,9,Energy,,Magnolia Oil & Gas Corporation,0.71
LPG,0.0570550276602203,20d,-0.12237909411613639,-0.03496123764035519,0.08241294521094267,0.1600942082232537,0.25706181899577946,0.7,0.633,0.667,0.778,0.667,0.778,30,9,Energy,Oil & Gas Midstream,Dorian LPG Ltd.,0.74
EQNR,0.05703385538318917,20d,-0.03178284098446874,0.0018366282125600875,0.06321489937804348,0.14595107304330324,0.1962187795009262,0.7666666666666667,0.567,0.7,0.667,0.556,0.667,30,9,Energy,,Equinor ASA,0.11
FANG,0.056591600541100906,20d,-0.02130244237532979,-0.00361599666522211,0.06408148067976582,0.10041766463895646,0.13656743540537328,0.7,0.6,0.7,0.667,0.556,0.667,30,9,Energy,,"Diamondback Energy, Inc.",0.65
DRS,0.05642664005399667,20d,-0.02563100689945682,0.01989093087650623,0.07960424746884842,0.14053714947531287,0.21902514046568353,0.8333333333333334,0.733,0.733,0.889,0.778,0.778,30,9,Industrials,Aerospace & Defense,"Leonardo DRS, Inc.",1.04
FIVE,0.05639255367535556,20d,-0.06591779146814294,-0.0059585845367607915,0.07021276509813301,0.12580107244297672,0.15739647321366132,0.7333333333333333,0.633,0.633,0.667,0.556,0.556,30,9,Consumer Discretionary,,"Five Below, Inc.",1.29
VAL,0.05620211987459378,20d,-0.05681288499732524,-0.004613853570697601,0.05513564048879893,0.12341614771702919,0.6139703501959853,0.7333333333333333,0.633,0.733,0.556,0.556,0.556,30,9,Energy,,Valaris Limited,1.16
PONY,0.05205246270011843,5d,-0.13055179975335976,-0.037617450623646215,0.02785258686389458,0.07074459774347824,0.1065062310628374,0.6,0.55,0.7,0.8,0.6,0.8,20,5,Technology,Information Technology Services,Pony AI Inc.,2.79
NKTR,0.7990740896768913,60d,-0.23947711682053813,-0.04529497675385241,0.8521756283246336,1.541320254442764,1.8937679645534347,0.6785714285714286,0.679,0.679,0.625,0.625,0.625,28,8,Healthcare,Biotechnology,Nektar Therapeutics,1.84
BWET,0.7888229046975674,60d,-0.140215470630374,0.07321841521680822,0.8627596822055501,3.430667562595117,4.261202908631533,0.8571428571428571,0.821,0.75,0.75,0.75,0.625,28,8,Unknown,,Breakwave Tanker Shipping ETF,-0.15
ORKA,0.6311302822103191,60d,-0.49512063367758524,0.15328361021565284,0.8839574617860294,0.9841862011276946,1.047757908883947,0.8214285714285714,0.821,0.714,0.75,0.75,0.5,28,8,Healthcare,Biotechnology,"Oruka Therapeutics, Inc.",1.2
DNTH,0.6037857254547943,60d,-0.1269007215037068,0.4461170283586374,0.7375666385209118,0.8508148260268307,1.1396609079452582,0.8214285714285714,0.821,0.786,0.75,0.875,0.75,28,8,Healthcare,Biotechnology,"Dianthus Therapeutics, Inc.",1.09
FORM,0.5210950928169998,60d,-0.052999948785755535,0.15019515294272862,0.5849815615460816,0.7880914036988512,0.9474768574849248,0.8571428571428571,0.821,0.821,0.75,0.75,0.75,28,8,Technology,,"FormFactor, Inc.",2.35
VIAV,0.4968748107743125,60d,-0.15473654992020727,0.048429924822637305,0.6404569366615499,0.9264742748848942,1.0994270305024931,0.7857142857142857,0.821,0.714,0.75,0.75,0.625,28,8,Technology,,Viavi Solutions Inc.,1.25
LITE,0.4952031443734707,60d,-0.1729115542277255,0.22326808933466685,0.7772685431672712,0.9693545719820129,1.2783687306021134,0.8214285714285714,0.821,0.714,0.75,0.75,0.625,28,8,Technology,,Lumentum Holdings Inc.,2.43
ICHR,0.4344563012242241,60d,-0.14080104368511448,0.028675896743185963,0.4454462540576858,1.1297962726690627,1.2842004016923434,0.75,0.714,0.75,0.625,0.5,0.625,28,8,Technology,Semiconductor Equipment & Materials,Ichor Holdings,2.72
SYRE,0.4190352814857996,60d,-0.34087658587274355,0.08578615508370066,0.6185815882290064,0.8230092311090405,1.1744077245074842,0.75,0.75,0.714,0.625,0.625,0.625,28,8,Healthcare,Biotechnology,"Spyre Therapeutics, Inc.",1.67
CIEN,0.41711778809953637,60d,-0.09856387083334393,0.1500423101199247,0.6526583882528161,1.004648126483408,1.160375414476407,0.7857142857142857,0.75,0.714,0.75,0.625,0.625,28,8,Technology,Communication Equipment,Ciena Corporation,1.9
PUMP,0.3989280333161894,60d,-0.03614615032867208,0.1253529490824366,0.3821096006389577,0.48766641130584065,1.0236959964481827,0.8571428571428571,0.857,0.857,0.75,0.75,0.75,28,8,Energy,Oil & Gas Equipment & Services,ProPetro Holding Corp.,1.43
FSLY,0.39581894834838005,60d,-0.36688971911053725,-0.11367365689868084,0.44444272902935067,1.608987353597258,1.9657781399383678,0.6785714285714286,0.679,0.679,0.625,0.625,0.625,28,8,Technology,Software - Application,"Fastly, Inc.",1.62
SM,0.3846164203617697,60d,-0.2800553612922339,-0.16583089835378742,0.3708970703297775,0.46924086196803105,0.6134505903092473,0.5714285714285714,0.571,0.571,0.5,0.5,0.5,28,8,Energy,,SM Energy Company,0.95
VICR,0.3798181006012088,60d,-0.07417122421704823,-0.023468724669441027,0.49204202099897054,0.7208599818199113,0.8353269447869743,0.7142857142857143,0.75,0.679,0.5,0.625,0.5,28,8,Technology,,Vicor Corporation,2.13
ENLT,0.34314906813456925,60d,-0.05303411810145727,0.0258422202228083,0.41545143130362105,0.4904098318722865,0.545485086751824,0.8214285714285714,0.714,0.679,0.75,0.625,0.5,28,8,Utilities,Utilities - Renewable,Enlight Renewable Energy Ltd.,1.03
LBRT,0.3392964461191866,60d,-0.10676886940434807,0.2072801164535082,0.33204863257957973,0.4722061841554384,0.5927241086303515,0.8571428571428571,0.857,0.857,0.75,0.75,0.75,28,8,Energy,,Liberty Energy Inc.,1.4
DOCN,0.3348995420033667,60d,-0.054211680103205484,0.014654549862445604,0.41243578654430546,0.6732137283066166,1.3184421963917763,0.75,0.679,0.643,0.625,0.625,0.5,28,8,Technology,Software - Infrastructure,"DigitalOcean Holdings, Inc.",2.13
POWL,0.33101955749469825,60d,-0.10374765912076306,0.18046568822067288,0.5347376743640744,0.6480831617951501,0.713904015500572,0.8571428571428571,0.821,0.714,0.75,0.75,0.625,28,8,Industrials,,"Powell Industries, Inc.",1.85
VSNT,0.32480905204311883,60d,0.2560390051723614,0.28766640504787433,0.3133017943620291,0.41229429391997696,0.44417061579467265,1.0,1.0,1.0,1.0,1.0,1.0,8,1,Communication Services,,"Versant Media Group, Inc.",0.41
BLSH,0.32276752016690524,60d,-0.15101213176792758,-0.1214681437513353,0.10481048039179952,0.21452612334865373,0.37903203444318123,0.6153846153846154,0.615,0.923,0.333,0.333,1.0,13,3,Technology,Software - Infrastructure,Bullish,2.0
ELVN,0.31823586313611685,60d,-0.155584673676715,0.09861122179962911,0.44985263812007004,0.717190752050926,1.1139687259743298,0.8214285714285714,0.75,0.714,0.75,0.75,0.625,28,8,Healthcare,Biotechnology,"Enliven Therapeutics, Inc.",1.37
VIR,0.3087282279703563,60d,-0.08804949604198734,-0.008836630313955401,0.30722579494599367,0.41814982236664555,0.5015793050610274,0.75,0.714,0.75,0.625,0.75,0.625,28,8,Healthcare,Biotechnology,"Vir Biotechnology, Inc.",1.55
KGS,0.30869676641290844,60d,-0.037738563482640895,0.11836194214199733,0.4074564261141944,0.5547906078476349,0.6015381595643178,0.75,0.75,0.75,0.625,0.625,0.625,28,8,Energy,Oil & Gas Equipment & Services,"Kodiak Gas Services, Inc.",1.04
NBR,0.29995554014276604,60d,-0.23097813029243655,0.009471003650402682,0.3092012405878878,0.43308290914207803,0.49238799852714304,0.75,0.679,0.75,0.625,0.5,0.625,28,8,Energy,Oil & Gas Drilling,Nabors Industries Ltd.,1.51
GPRE,0.29277399729779474,60d,-0.3548335819207399,-0.09205307774282398,0.21796361075212545,0.40736709853407926,0.6041158630803048,0.7142857142857143,0.607,0.714,0.625,0.5,0.625,28,8,Materials,Chemicals,"Green Plains, Inc.",0.98
LGN,0.2922865176014956,60d,0.24747993782658378,0.2636526118808524,0.5388787549416885,0.7511075181568758,0.9296811056152926,1.0,1.0,0.846,1.0,1.0,0.667,13,3,Industrials,,Legence Corp.,1.88
WDC,0.2894925387260904,60d,-0.05448439001353886,0.2580409243470069,0.5424499417514762,0.6911697659801828,0.9092176912898712,0.8571428571428571,0.821,0.75,0.75,0.75,0.625,28,8,Technology,,Western Digital Corporation,1.96
TSEM,0.2884433379137843,60d,-0.015547250228458962,0.15607085461021086,0.45571931545741506,0.6806207511051611,0.8146462566920596,0.8928571428571429,0.821,0.75,0.75,0.875,0.625,28,8,Semiconductors,,Tower Semiconductor Ltd.,1.86
PARR,0.28292366350984355,60d,-0.2052910728849915,0.03527937643536522,0.32780043411121706,0.6094228215006915,0.7484800329072482,0.8214285714285714,0.679,0.714,0.75,0.5,0.625,28,8,Energy,Oil & Gas Refining & Marketing,"Par Pacific Holdings, Inc. Comm",0.53
CHRD,0.2820395101504048,60d,-0.12724946398753262,-0.08362936016591246,0.2513967733700837,0.39810855668146766,0.5124534872981835,0.5714285714285714,0.571,0.571,0.5,0.5,0.5,28,8,Energy,Oil & Gas E&P,Chord Energy Corporation,0.67
ADTN,0.27902983538519677,60d,-0.23982699785114722,-0.01061820803601421,0.3099259504695938,0.5679598270940258,0.753666992085893,0.7142857142857143,0.714,0.679,0.625,0.625,0.625,28,8,Technology,Communication Equipment,"ADTRAN Holdings, Inc.",1.61
CGON,0.276405750101945,60d,-0.18422299679151738,-0.1011430547769766,0.3314408711489707,0.6173585135981721,0.6715600414375994,0.72,0.68,0.68,0.571,0.571,0.571,25,7,Biotech,Biotechnology,"CG Oncology, Inc.",1.48
MPLT,0.2760357048158848,60d,0.05293119422617907,0.20963999734610472,0.5361513649848548,0.6528173830351269,0.7707581542334578,0.9230769230769231,0.923,0.615,0.667,0.667,0.333,13,3,Healthcare,Biotechnology,"MapLight Therapeutics, Inc.",0.71
LASR,0.27537019295093534,60d,-0.13937540701287934,-0.09410648337368982,0.30779017607428416,0.49733380011422035,0.6220163699733219,0.6785714285714286,0.643,0.643,0.5,0.5,0.5,28,8,Technology,Semiconductors,"nLIGHT, Inc.",2.13
TER,0.2749915209403585,60d,0.01715842499646802,0.07852070190685478,0.39422283882999987,0.4745348571334869,0.6597545849709678,0.8928571428571429,0.786,0.714,0.875,0.75,0.625,28,8,Technology,,"Teradyne, Inc.",2.25
UCTT,0.26713990584922287,60d,-0.04552263082063986,0.08402733522146671,0.3485317276468446,0.7777445435870509,1.1423316055498205,0.8571428571428571,0.786,0.75,0.875,0.75,0.75,28,8,Technology,Semiconductor Equipment & Materials,"Ultra Clean Holdings, Inc.",2.53
HIMX,0.26567294107467065,60d,-0.09532625655170933,-0.07956765789755538,0.2645382156001258,0.516089487153381,0.797683108133575,0.6071428571428571,0.607,0.607,0.5,0.625,0.5,28,8,Technology,Semiconductors,"Himax Technologies, Inc.",1.96
CVE,0.26096815675448837,60d,-0.09932451617838711,0.009838389021550764,0.3139204781456556,0.38774560326306484,0.49958008407402216,0.75,0.714,0.714,0.625,0.625,0.625,28,8,Energy,Oil & Gas Integrated,Cenovus Energy Inc.,0.71
ASX,0.26045937164485156,60d,0.004128363546960778,0.17433075799368852,0.36783527351993495,0.5289705703897019,0.6015982781033632,0.8928571428571429,0.893,0.75,0.875,0.75,0.625,28,8,Technology,Semiconductors,"ASE Technology Holding Co., Ltd",1.72
CAVA,0.2552408547554553,60d,-0.37337238154218955,-0.14884568548474572,0.2768770740885801,0.4657308889348274,0.5378053680043746,0.6428571428571429,0.643,0.643,0.625,0.625,0.625,28,8,Consumer Discretionary,Restaurants,"CAVA Group, Inc.",1.66
AESI,0.2547417144089967,60d,-0.2288101002531719,-0.024810314989340693,0.23901684255088362,0.404503988699105,0.5466414647835546,0.75,0.679,0.75,0.625,0.625,0.625,28,8,Energy,Oil & Gas Equipment & Services,Atlas Energy Solutions Inc.,1.16
AIP,0.2494748626659663,60d,-0.11185021193940115,0.04744764064805895,0.4029321700333176,0.5250270903192484,1.0309661003598312,0.8214285714285714,0.786,0.679,0.75,0.625,0.5,28,8,Technology,Semiconductors,"Arteris, Inc.",2.53
STX,0.24634769360919517,60d,-0.014050352302014776,0.05411967839072335,0.413633841846779,0.631666573006113,0.8355755449305364,0.8928571428571429,0.714,0.679,0.875,0.625,0.625,28,8,Technology,,Seagate Technology Holdings plc,1.56
ARM,0.24540545303946926,60d,-0.09987987876875494,0.0506214008312009,0.31406991294576503,0.6579579218792857,0.9074987820417436,0.75,0.75,0.75,0.75,0.75,0.75,28,8,Technology,Semiconductors,Arm Holdings plc,2.77
APA,0.23693833388157626,60d,-0.13813763824512038,0.015285378915526726,0.23524510482247252,0.4202120650208899,0.5915501621962412,0.75,0.714,0.75,0.625,0.625,0.625,28,8,Energy,Oil & Gas E&P,APA Corporation,0.79
ECO,0.2366252404917556,60d,0.01771886277737387,0.08219417618980496,0.3501857104504347,0.43621774823671894,0.5031547621592309,0.9285714285714286,0.786,0.679,0.875,0.75,0.5,28,8,Industrials,Marine Shipping,Okeanis Eco Tankers Corp.,0.51
DK,0.23319098585427256,60d,-0.17919386868242476,0.13266940820919765,0.31333551776296387,0.48407377890000963,0.6041197753387565,0.8571428571428571,0.857,0.821,0.75,0.75,0.75,28,8,Energy,Oil & Gas Refining & Marketing,"Delek US Holdings, Inc.",0.75
MUR,0.23236415437885394,60d,-0.15595054562363236,0.01969360882347429,0.21199461052916835,0.26703476999148695,0.3161197993196348,0.75,0.75,0.75,0.625,0.625,0.625,28,8,Energy,,Murphy Oil Corporation,0.77
BCAX,0.23222438200231288,60d,-0.42850716184640236,0.04877873636250141,0.3010949068657851,0.4098121723435014,0.5715547579315879,0.782608695652174,0.783,0.696,0.667,0.667,0.5,23,6,Healthcare,Biotechnology,Bicara Therapeutics Inc.,1.65
PBF,0.23166927404477522,60d,-0.2577120730940872,0.0770059866439256,0.26610218248701034,0.4834630106646635,0.5777761291823271,0.7857142857142857,0.75,0.786,0.625,0.625,0.625,28,8,Energy,,PBF Energy Inc.,0.72
FET,0.22857768559930658,60d,-0.039767740831174715,0.09516876164433358,0.2428981371519845,0.3977684315980085,0.5554189327875169,0.7857142857142857,0.75,0.786,0.75,0.75,0.75,28,8,Energy,Oil & Gas Equipment & Services,"Forum Energy Technologies, Inc.",1.18
MTDR,0.2213554520887187,60d,-0.1587707167325796,-0.1387046073413178,0.20635450643626296,0.333951934920131,0.4446375823700897,0.6785714285714286,0.643,0.679,0.625,0.625,0.625,28,8,Energy,,Matador Resources Company,0.82
AMKR,0.21670556181376632,60d,-0.12591822530367447,-0.022096584648086837,0.26782248413481335,0.42350670448138655,0.48457762554279377,0.6785714285714286,0.714,0.643,0.625,0.5,0.5,28,8,Semiconductors,Semiconductor Equipment & Materials,"Amkor Technology, Inc.",2.37
XENE,0.2163312651817697,60d,-0.11281606926847006,-0.06261972264493038,0.24225715858355945,0.33346755784502563,0.36383997298956083,0.6428571428571429,0.643,0.643,0.5,0.5,0.5,28,8,Healthcare,Biotechnology,Xenon Pharmaceuticals Inc.,0.87
REPX,0.2144405229649301,60d,-0.08352588879288425,0.008374769698588691,0.2477995740915494,0.31096810086619436,0.3644755116622901,0.7857142857142857,0.679,0.679,0.625,0.625,0.625,28,8,Energy,Oil & Gas E&P,"Riley Exploration Permian, Inc.",0.97
AROC,0.21216564101346014,60d,-0.028047984554665558,0.04710934333935679,0.2769541988893488,0.33193889350892225,0.3907081057702872,0.75,0.786,0.75,0.625,0.75,0.625,28,8,Energy,Oil & Gas Equipment & Services,"Archrock, Inc.",1.09
OVV,0.21130137437686536,60d,-0.06632842085260618,-0.03296310892690829,0.23591487513137666,0.35783877393189717,0.43467634870891564,0.7142857142857143,0.75,0.679,0.625,0.75,0.625,28,8,Energy,,Ovintiv Inc.,0.84
HAL,0.20945166924674224,60d,-0.1474386453607215,0.07221870394863777,0.18295123237929867,0.2206092411670555,0.29170816719046605,0.7857142857142857,0.75,0.821,0.625,0.625,0.75,28,8,Energy,,Halliburton Company,0.86
VRT,0.20889179759892162,60d,-0.03619320562430634,0.28032918056576006,0.4366544046616808,0.6889829460958545,0.7310361530863415,0.8571428571428571,0.821,0.786,0.75,0.625,0.625,28,8,Industrials,,Vertiv Holdings Co,2.4
AEIS,0.20584786066940075,60d,-0.04976473631393453,0.011628169712323777,0.29741756375725725,0.41834133979155774,0.4607324374292221,0.8214285714285714,0.714,0.643,0.75,0.75,0.625,28,8,Industrials,Electrical Equipment & Parts,"Advanced Energy Industries, Inc.",2.07
VG,0.2057042941798788,60d,-0.4026174028940939,-0.23384046459455116,0.31716824380323505,0.6658469520937143,1.2188893870399868,0.7222222222222222,0.722,0.722,0.75,0.75,0.75,18,4,Energy,,"Venture Global, Inc.",1.0
GLW,0.20531264239284397,60d,0.05858270276688411,0.1468736546662921,0.343564198592905,0.46885111483122877,0.653077601278231,0.9285714285714286,0.893,0.75,0.875,0.875,0.625,28,8,Technology,,Corning Incorporated,1.5
SOLS,0.202197315395082,60d,0.12292368165150956,0.26953859294456484,0.2949427512544973,0.502767638353866,0.5575923356267368,1.0,0.923,0.923,1.0,1.0,1.0,13,3,Materials,,"Solstice Advanced Materials, Inc.",0.99
UNFI,0.19982550048426762,60d,-0.21335985333522992,0.2117393743909149,0.3094640528855237,0.35328046811495123,0.41556279886179087,0.8214285714285714,0.857,0.821,0.75,0.75,0.75,28,8,Consumer Staples,Food Distribution,"United Natural Foods, Inc.",0.84
OXY,0.19700798033673556,60d,-0.08395120948308239,-0.046757557519464116,0.17470488527100902,0.29186644704648845,0.46784940901842753,0.5714285714285714,0.607,0.643,0.5,0.625,0.625,28,8,Energy,,Occidental Petroleum Corporation,0.47
WLTH,0.1967419790681607,60d,0.2082164520966513,0.24282237504116616,0.2671330548074847,0.2822917620786229,0.34345709981802097,1.0,1.0,1.0,1.0,1.0,1.0,8,1,Technology,Software - Application,Wealthfront Corporation,1.11
AGX,0.19414137181734448,60d,0.011863992084339602,0.3027822881133429,0.47647631477132957,0.6727612798439144,0.7830813545139016,0.8928571428571429,0.857,0.821,0.875,0.875,0.75,28,8,Industrials,Engineering & Construction,"Argan, Inc.",1.33
ANDE,0.1938309016094255,60d,-0.07892218168523336,-0.0015119318598424414,0.1983178495794765,0.26789428034040513,0.34072902856342374,0.75,0.714,0.75,0.625,0.625,0.625,28,8,Consumer Staples,Food Distribution,"The Andersons, Inc.",0.61
PTEN,0.19302774887711033,60d,0.0016302730933867933,0.0741026666072877,0.18875518200639407,0.4799662332922456,0.6104894725718523,0.8928571428571429,0.857,0.893,0.875,0.875,0.875,28,8,Energy,,"Patterson-UTI Energy, Inc.",1.21
INTC,0.19274670501801527,60d,-0.1952850988098004,-0.04649528268797712,0.21473182812889102,0.63168843140159,1.1712628512652767,0.6785714285714286,0.714,0.679,0.625,0.625,0.625,28,8,Technology,,Intel Corporation,1.98
USO,0.19215348818052902,60d,-0.032602975212103286,-0.012698916298045593,0.20633441361641347,0.7622536626033487,0.8534651172650771,0.7142857142857143,0.714,0.679,0.625,0.75,0.625,28,8,Energy,,United States Oil Fund,-0.07
CC,0.1878622811904499,60d,-0.21587009422518738,-0.1155372424754521,0.10277779763677553,0.5027765212886268,0.6571191165403365,0.6071428571428571,0.607,0.714,0.5,0.5,0.625,28,8,Materials,Specialty Chemicals,Chemours Company (The),1.77
DVA,0.18779409852830797,60d,-0.08949962096118826,0.015498373634514756,0.2193532577922055,0.3248915192017999,0.37343338937563547,0.75,0.714,0.75,0.75,0.75,0.75,28,8,Healthcare,,DaVita Inc.,0.37
ENTG,0.1874656324152012,60d,-0.10397402160200139,-0.0010706811501205726,0.19826459550654407,0.26024602669134267,0.28102296192034576,0.75,0.571,0.714,0.75,0.5,0.75,28,8,Technology,,"Entegris, Inc.",2.48
UTI,0.18638285206335103,60d,0.014310202667234657,0.09313289517164691,0.27619254825871886,0.40808730528337894,0.5194212402395497,0.8928571428571429,0.893,0.786,1.0,1.0,0.75,28,8,Consumer Staples,Education & Training Services,Universal Technical Institute I,0.89
CAMT,0.18598650423896768,60d,0.0443260763642779,0.10874173252624703,0.302744943249587,0.35088836113726235,0.5192203929852772,0.9285714285714286,0.857,0.714,0.875,0.875,0.75,28,8,Semiconductors,Semiconductor Equipment & Materials,Camtek Ltd.,2.13
ATEX,0.18564143315015458,60d,-0.1048465444754085,-0.02067055500629103,0.2063328091645451,0.7351719179153149,0.812330097897448,0.7142857142857143,0.679,0.714,0.75,0.75,0.75,28,8,Communication Services,Telecom Services,Anterix Inc.,0.92
DOW,0.1845393872399284,60d,-0.12518498472140807,-0.09530234361303405,0.12656119016662382,0.35082116298604765,0.6021292604344415,0.6428571428571429,0.643,0.714,0.5,0.5,0.625,28,8,Materials,Chemicals,Dow Inc.,0.83
BNO,0.18366872718564997,60d,-0.02696532746171295,-0.004495716641653463,0.19621846529217113,0.6637622244814327,0.8185613046280981,0.7142857142857143,0.714,0.679,0.625,0.75,0.625,28,8,Unknown,,"United States Brent Oil Fund, L",-0.09
EWY,0.18278672453862688,60d,-0.02012949330168774,0.0734695355284386,0.2463849094018542,0.3213123469316896,0.37552885558197835,0.8928571428571429,0.821,0.786,0.875,0.75,0.625,28,8,Unknown,,iShares MSCI South Korea ETF,1.38
STNG,0.18255306822785988,60d,-0.1841077726609849,0.10299176400932597,0.2426668167410756,0.32578023751503027,0.4184776828976704,0.8214285714285714,0.786,0.786,0.75,0.75,0.75,28,8,Energy,,Scorpio Tankers Inc.,0.41
KLIC,0.18163768034791272,60d,-0.0801236959381642,-0.03481455831125202,0.2185973955488233,0.36123441087618974,0.4769976745691275,0.7142857142857143,0.607,0.679,0.625,0.5,0.5,28,8,Technology,Semiconductor Equipment & Materials,"Kulicke and Soffa Industries, I",1.74
CVI,0.17965521135670215,60d,-0.17275780202135108,-0.04828554989184822,0.22037314366064986,0.3387846829647836,0.41245665380187096,0.7142857142857143,0.75,0.714,0.5,0.625,0.5,28,8,Energy,Oil & Gas Refining & Marketing,CVR Energy Inc.,0.56
ADEA,0.17943642793606185,60d,-0.09080308256910016,-0.02415281029991523,0.24346816972406538,0.5267353227948671,0.6569010817946433,0.7142857142857143,0.679,0.607,0.75,0.625,0.5,28,8,Technology,Software - Application,Adeia Inc.,1.6
ANDG,0.17656874623080632,60d,0.4971295047570882,0.5631494269282983,0.6170997239808171,0.6597549580630861,0.6898646303432248,1.0,1.0,1.0,1.0,1.0,1.0,8,1,Consumer Discretionary,Personal Services,Andersen Group Inc.,0.56
PVLA,0.17558837988754783,60d,-0.237470604391659,0.017910960366589623,0.384267027295749,0.615972556503384,0.7194957949946333,0.7857142857142857,0.679,0.643,0.75,0.625,0.625,28,8,Healthcare,Biotechnology,"Palvella Therapeutics, Inc.",0.59
ATEN,0.17538926871963056,60d,-0.034298716991744777,0.006158124868809678,0.22465117366848508,0.3829070903879946,0.5517375845440008,0.7857142857142857,0.607,0.607,0.625,0.625,0.5,28,8,Technology,Software - Infrastructure,"A10 Networks, Inc.",0.96
PR,0.17495445687067956,60d,-0.08225526824838576,-0.012667081965016036,0.21158291323930767,0.35761878155821425,0.4249710123810808,0.7142857142857143,0.643,0.679,0.625,0.625,0.625,28,8,Energy,,Permian Resources Corporation,0.85
TS,0.1740851792158845,60d,-0.04230061159024799,0.12853993267421127,0.22578506371946705,0.34664822391493183,0.4176695426833822,0.8571428571428571,0.929,0.857,0.75,0.875,0.75,28,8,Energy,Oil & Gas Equipment & Services,Tenaris S.A.,0.72
JBIO,0.1738740514814049,60d,-0.10323971538791601,-0.014615320770330259,0.2763810465894708,0.4405553263564505,0.6466160516512133,0.7142857142857143,0.821,0.679,0.5,0.875,0.5,28,8,Healthcare,Biotechnology,"Jade Biosciences, Inc.",0.67
ACHC,0.17366247691867287,60d,-0.2767554397384757,-0.13270328058330982,0.12065229581486081,0.6841073190161223,0.8500323363319144,0.5714285714285714,0.536,0.571,0.375,0.375,0.375,28,8,Healthcare,Medical Care Facilities,"Acadia Healthcare Company, Inc.",0.75
TALO,0.17139242859337933,60d,-0.1724020381214173,0.059767439987131354,0.18104246619487785,0.2502037589430433,0.3519414468817378,0.8214285714285714,0.75,0.786,0.75,0.625,0.625,28,8,Energy,Oil & Gas E&P,"Talos Energy, Inc.",0.84
CRGY,0.17078187861137528,60d,-0.08199553776561869,0.008124357116792352,0.2000846845019304,0.39167349143952085,0.4785822288859585,0.75,0.571,0.679,0.75,0.5,0.625,28,8,Energy,Oil & Gas E&P,Crescent Energy Company,1.07
ANAB,0.17065545020361506,60d,-0.19077108893181838,0.11849451556172996,0.3927667398706941,0.7055145403935816,0.951791112144784,0.7857142857142857,0.786,0.607,0.625,0.75,0.5,28,8,Healthcare,Biotechnology,"AnaptysBio, Inc.",0.83
RELY,0.16972388668231608,60d,-0.32288735313480016,-0.05048563946504647,0.17467483660146366,0.4478279038570305,0.6677605275302196,0.6785714285714286,0.714,0.679,0.625,0.75,0.625,28,8,Technology,Software - Infrastructure,"Remitly Global, Inc.",0.94
TPL,0.1687657941308669,60d,-0.03991807587370132,0.07944529764320474,0.2044488331568347,0.28830223087994805,0.6048529849534713,0.8571428571428571,0.821,0.786,1.0,0.875,0.875,28,8,Energy,,Texas Pacific Land Corporation,1.07
TWST,0.16834904783146587,60d,-0.12443879729450331,0.08513894488811916,0.25796454006360636,0.4053957995827698,0.4735215992296276,0.75,0.75,0.75,0.75,0.75,0.75,28,8,Healthcare,Diagnostics & Research,Twist Bioscience Corporation,2.23
FLKR,0.16738466415180586,60d,-0.013080303625667568,0.07725312095372644,0.2304206887318122,0.30342520289895886,0.36103086634880166,0.8928571428571429,0.821,0.786,0.875,0.75,0.625,28,8,Unknown,,Franklin FTSE South Korea ETF,1.35
GSAT,0.16720683912160939,60d,-0.27065831140390995,-0.15505958845438977,0.2302094337767956,0.478727426399945,1.05263474758843,0.6428571428571429,0.643,0.571,0.5,0.5,0.375,28,8,Communication Services,Telecom Services,"Globalstar, Inc.",1.34
HOS,0.1662433243665929,60d,-0.10865733430220792,0.022542759021496994,0.1539882252164193,0.23565652922081803,0.3128173553551071,0.8214285714285714,0.679,0.821,0.75,0.625,0.75,28,8,Unknown,,"Hornbeck Offshore Services, Inc",1.12
WTTR,0.16095646536952868,60d,0.1037970070394402,0.2183401143302156,0.3017441579191067,0.3469847151783628,0.3928796441874799,0.9285714285714286,0.929,0.857,0.875,0.875,0.75,28,8,Energy,Oil & Gas Equipment & Services,"Select Water Solutions, Inc.",1.01
UI,0.15999264244028477,60d,-0.13294618989170937,-0.002481041609198986,0.39750747985878976,0.645266179502487,0.7956914994207637,0.75,0.714,0.679,0.75,0.75,0.75,28,8,Technology,,Ubiquiti Inc.,1.47
MEOH,0.1592812915767563,60d,-0.051574396345047936,0.07704621490765834,0.20498892562734083,0.3337029685306018,0.3852044099462936,0.8214285714285714,0.75,0.75,0.75,0.625,0.625,28,8,Materials,Chemicals,Methanex Corporation,0.96
VIST,0.1573935399896107,60d,0.0370716995240846,0.08367355807956689,0.2517518254519675,0.317273797898084,0.43205717235710434,0.9285714285714286,0.857,0.714,0.875,0.75,0.625,28,8,Energy,Oil & Gas E&P,Vista Energy S.A.B. de C.V.,0.75
OLN,0.1560224469519776,60d,-0.2778264233952406,-0.16127295674602468,0.09299434646612348,0.160069069717369,0.2904522124458886,0.6428571428571429,0.571,0.679,0.5,0.5,0.625,28,8,Materials,,Olin Corporation,1.33
USOI,0.1552603172079965,60d,-0.021167006630300567,-0.0071591064390554016,0.16709485835034643,0.2785438442581678,0.3196592709631367,0.7142857142857143,0.714,0.679,0.625,0.75,0.625,28,8,Unknown,,ETRACS Crude Oil Shares Covered,0.18
CE,0.15516659620850737,60d,-0.22925281091308283,-0.20593835262809396,0.062077364916163336,0.3341870297763298,0.43636845344685815,0.5714285714285714,0.5,0.571,0.5,0.5,0.5,28,8,Materials,Chemicals,Celanese Corporation,1.23
FANG,0.1540496823941464,60d,-0.03706961447612059,-0.005201360886734757,0.17074141701898682,0.2701022544721869,0.34889958686486827,0.7142857142857143,0.607,0.679,0.75,0.5,0.625,28,8,Energy,,"Diamondback Energy, Inc.",0.65
VECO,0.15381265078477235,60d,-0.14394693240768786,0.0742314465529938,0.2283877142828945,0.4664194247704478,0.7680612149698776,0.7857142857142857,0.786,0.75,0.625,0.625,0.625,28,8,Technology,Semiconductor Equipment & Materials,Veeco Instruments Inc.,1.86
EOG,0.15353540579816427,60d,-0.08423173624638855,-0.04287597231410009,0.166565855896183,0.23540744002572994,0.2984195762453477,0.6785714285714286,0.75,0.679,0.625,0.75,0.625,28,8,Energy,,"EOG Resources, Inc.",0.35
MPC,0.15320373752886662,60d,-0.07144948134156111,0.05878802813506201,0.21893688960913982,0.30611609009039165,0.3813349827867456,0.8571428571428571,0.821,0.714,0.75,0.625,0.625,28,8,Energy,,Marathon Petroleum Corporation,0.62
VET,0.15304626628850942,60d,-0.11550888412268094,-0.004961943389786422,0.15198104533552415,0.30783295291196827,0.46569610360994496,0.75,0.679,0.75,0.75,0.625,0.75,28,8,Energy,Oil & Gas E&P,Vermilion Energy Inc.,0.93
BAND,0.15297621943552864,60d,-0.0803466974280553,-0.04109666220610178,0.17954967538966682,0.6289911740607332,2.5038363032697135,0.6785714285714286,0.643,0.607,0.625,0.5,0.5,28,8,Technology,Software - Infrastructure,Bandwidth Inc.,1.64
COKE,0.15091467980616569,60d,-0.04528337146601764,0.04052461375818622,0.23584821328782135,0.3355922232257483,0.36751553515345947,0.8214285714285714,0.786,0.679,0.875,0.875,0.625,28,8,Consumer Staples,Beverages - Non-Alcoholic,"Coca-Cola Consolidated, Inc.",0.32
VSAT,0.1491794488059489,60d,-0.20947546148842294,0.0163190351043003,0.2594916712781674,0.45014084756388173,0.516906586749608,0.75,0.75,0.643,0.625,0.625,0.5,28,8,Technology,,"Viasat, Inc.",2.04
SPHR,0.14808671927653483,60d,-0.13064452460261095,0.10386178023435472,0.318929058347004,0.4739994674570644,0.6723644298041014,0.8214285714285714,0.786,0.643,0.75,0.625,0.625,28,8,Communication Services,,Sphere Entertainment Co.,1.55
SCHL,0.1477014669529571,60d,-0.19375641683992925,-0.030338076157807176,0.13881046355689275,0.18030432632191884,0.2769061176535942,0.6428571428571429,0.643,0.679,0.5,0.5,0.5,28,8,Communication Services,Publishing,Scholastic Corporation,0.59
BRUN,0.14703756786758448,60d,-0.15301661500212682,-0.019026496685522698,0.16559302149745492,0.4643248185216465,1.101043442997124,0.7222222222222222,0.722,0.722,0.5,0.5,0.5,18,4,Technology,Software - Infrastructure,Boost Run Inc.,1.02
OIH,0.14636614356412503,60d,-0.10378337512634463,0.10748536634574901,0.17511640275257823,0.20620349309401603,0.2714914268215409,0.8571428571428571,0.821,0.857,0.75,0.75,0.75,28,8,Energy,,VanEck Oil Services ETF,1.05
VLO,0.1453089001769884,60d,-0.034181782545359134,0.12666178449502324,0.25305903599925494,0.32762786121204945,0.3825518907100413,0.8571428571428571,0.929,0.75,0.75,0.875,0.625,28,8,Energy,,Valero Energy Corporation,0.58
EZPW,0.1446790006492975,60d,0.04771922612022952,0.10523859425089643,0.2693392667213418,0.3053249128362938,0.4105998971413989,0.9285714285714286,0.929,0.643,0.875,0.875,0.5,28,8,Financials,Credit Services,"EZCORP, Inc.",0.5
LINC,0.14363866214960064,60d,-0.08552124818126022,0.07071641931655548,0.2568616603280366,0.5953710594084035,0.7026537923983669,0.8571428571428571,0.75,0.643,0.875,0.75,0.625,28,8,Consumer Staples,Education & Training Services,Lincoln Educational Services Co,0.95
SU,0.14319798748358514,60d,-0.005381197769178709,0.019572934277021448,0.19107838526910992,0.2595177578848708,0.4014208188420495,0.8928571428571429,0.75,0.679,0.75,0.75,0.625,28,8,Energy,,Suncor Energy Inc.,0.43
LYB,0.14307410265693937,60d,-0.12534276393687782,-0.07021672674283236,0.10901917395414651,0.42035151552006544,0.6928321054410335,0.5714285714285714,0.643,0.643,0.5,0.625,0.625,28,8,Materials,,LyondellBasell Industries N.V.,0.65
FN,0.1421699602720451,60d,-0.09773366944427649,0.030717951833159757,0.26382955474533,0.35641625316353137,0.4652624596878799,0.75,0.75,0.571,0.625,0.625,0.375,28,8,Technology,,Fabrinet,2.13
CLMT,0.1418729024937745,60d,-0.2428381846776357,-0.06852842277318283,0.26732675540623063,0.44290393722422344,0.6067008375404406,0.7142857142857143,0.607,0.607,0.625,0.5,0.5,28,8,Materials,Specialty Chemicals,"Calumet, Inc",0.96
OXM,0.13859836386229862,60d,-0.2065802718598841,-0.04207530683389696,0.0723319160456487,0.13841227321754374,0.1929486193586758,0.6071428571428571,0.536,0.786,0.5,0.5,0.75,28,8,Consumer Discretionary,Apparel Manufacturing,"Oxford Industries, Inc.",1.24
VAL,0.13765601675953065,60d,-0.026333459737480833,0.007129866117429606,0.14610522220562883,0.5761692435787436,0.7720414387729871,0.7857142857142857,0.643,0.714,0.75,0.5,0.625,28,8,Energy,,Valaris Limited,1.16
XOP,0.13746316930110292,60d,-0.08538012481153881,0.03721565704499474,0.15781014699343987,0.23914705876654185,0.32452931071210667,0.8214285714285714,0.679,0.821,0.75,0.625,0.75,28,8,Energy,,State Street SPDR S&P Oil & Gas Exploration & Production ETF,0.66
COHU,0.1369429135711291,60d,-0.15705309488999597,-0.005631639767392421,0.18552591045587186,0.513347414377312,0.5762911507274964,0.7142857142857143,0.643,0.679,0.625,0.5,0.625,28,8,Technology,Semiconductor Equipment & Materials,"Cohu, Inc.",1.94
FRO,0.13621591282087908,60d,0.010909817024981753,0.08701008161013252,0.24422499041543133,0.3474012432674148,0.5656368409242505,0.8928571428571429,0.821,0.714,0.875,0.75,0.625,28,8,Energy,,Frontline plc,0.59
TDW,0.13577605565492123,60d,-0.1195739216874549,-0.09597258866102407,0.1618975599073007,0.38977504019289677,0.5313955965847117,0.5714285714285714,0.536,0.571,0.5,0.5,0.5,28,8,Energy,Oil & Gas Equipment & Services,Tidewater Inc.,1.1
CNQ,0.1339151953748129,60d,-0.09513491773187005,-0.006108220836734679,0.1573489687049595,0.2753257865030836,0.44025920839343513,0.75,0.643,0.714,0.625,0.5,0.625,28,8,Energy,Oil & Gas E&P,Canadian Natural Resources Limited,0.49
ALGM,0.1324242371597475,60d,-0.06504882407187611,0.034161681907576985,0.1607779767688644,0.2043680659141116,0.24836152210837592,0.75,0.679,0.75,0.875,0.75,0.875,28,8,Semiconductors,Semiconductors,"Allegro MicroSystems, Inc.",2.27
VSH,0.13176240352232738,60d,-0.07612848355175647,-0.02985993265050363,0.11882052005029953,0.39214378546898104,0.6522441484160318,0.6071428571428571,0.607,0.679,0.5,0.5,0.625,28,8,Technology,Semiconductors,"Vishay Intertechnology, Inc.",2.11
AMX,0.1314188738252342,60d,-0.08681973630025663,-0.009658661455115458,0.14624624523045127,0.22372235651624212,0.24603167253570524,0.6428571428571429,0.679,0.607,0.5,0.625,0.5,28,8,Communication Services,Telecom Services,"America Movil, S.A.B. de C.V.",0.48
UTHR,0.13058090067137607,60d,0.009571387244602561,0.07256359242209531,0.18852554649088993,0.23249654397004643,0.4912655501327114,0.8928571428571429,0.821,0.821,0.875,0.75,0.75,28,8,Healthcare,Drug Manufacturers - Specialty & Generic,United Therapeutics Corporation,0.36
MU,0.13009078786747297,60d,-0.05038500901918939,0.07256372032261499,0.34284623411745063,0.7529178568674044,1.00791980931015,0.8214285714285714,0.821,0.571,0.75,0.75,0.5,28,8,Technology,,"Micron Technology, Inc.",2.39
PLAB,0.12904761921547342,60d,-0.09306865193716014,-0.06290154135506984,0.0991303488100882,0.34772788029855856,0.41230990871974854,0.6071428571428571,0.5,0.607,0.5,0.375,0.5,28,8,Technology,Semiconductor Equipment & Materials,"Photronics, Inc.",2.08
