run_date,ticker,horizon,predicted_edge,actual_return,regime_alpha
2026-02-23,CHYM,5d,0.057336,0.168388,0.111052
2026-02-23,ALHC,20d,0.153501,-0.1201,-0.273601
2026-02-23,CHYM,20d,0.226032,0.021694,-0.204338
2026-02-23,ALHC,60d,0.137166,-0.177889,-0.315055
2026-02-23,CCI,60d,0.148657,0.066068,-0.082589
2026-02-23,STNE,60d,0.223056,-0.252349,-0.475405
2026-02-24,CHYM,20d,0.123025,-0.093,-0.216025
2026-02-24,KRMN,20d,0.119465,0.218182,0.098717
2026-02-24,ATRO,60d,0.229307,0.070538,-0.158769
2026-02-24,CGON,60d,0.202369,0.110045,-0.092324
2026-02-24,COPX,60d,0.160825,-0.118454,-0.279279
2026-02-24,ESLT,60d,0.175085,0.010705,-0.16438
2026-02-24,SLVP,60d,0.17485,-0.205476,-0.380326
2026-02-24,SPHR,60d,0.166954,0.187174,0.02022
2026-02-24,WDC,60d,0.195339,0.699523,0.504184
2026-02-25,ACMR,20d,0.136707,-0.333431,-0.470138
2026-02-25,ALB,60d,0.284924,-0.130439,-0.415363
2026-02-25,CGON,60d,0.246087,0.133357,-0.11273
2026-02-25,FORM,60d,0.437894,0.209487,-0.228407
2026-02-25,LITE,60d,0.580752,0.333306,-0.247446
2026-02-25,MU,60d,0.28192,0.777203,0.495283
2026-02-25,TER,60d,0.316022,0.031368,-0.284654
2026-02-25,VICR,60d,0.473453,0.360773,-0.11268
2026-02-25,VSCO,60d,0.256267,-0.186776,-0.443043
2026-02-25,WDC,60d,0.369212,0.672771,0.303559
2026-02-26,ACMR,20d,0.116899,-0.277963,-0.394862
2026-02-26,CHYM,20d,0.131616,-0.259491,-0.391107
2026-02-26,ALB,60d,0.284924,-0.069891,-0.354815
2026-02-26,ATRO,60d,0.269835,0.008229,-0.261606
2026-02-26,LITE,60d,0.528026,0.398671,-0.129355
2026-02-26,MU,60d,0.339743,0.807959,0.468216
2026-02-26,SCCO,60d,0.227095,-0.154298,-0.381393
2026-02-26,TER,60d,0.307379,0.077774,-0.229605
2026-02-26,VICR,60d,0.487835,0.3032,-0.184635
2026-02-26,WDC,60d,0.249488,0.716605,0.467117
2026-02-27,FN,20d,0.119013,0.01162,-0.107393
2026-02-27,KTOS,20d,0.117859,-0.165236,-0.283095
2026-02-27,BRZE,60d,0.149691,0.340179,0.190488
2026-02-27,STNE,60d,0.227326,-0.186527,-0.413853
2026-02-27,TTAN,60d,0.16091,-0.13372,-0.29463
2026-03-02,RDDT,5d,0.051332,-0.05608,-0.107412
2026-03-02,CHYM,20d,0.133193,-0.230327,-0.36352
2026-03-02,KRMN,20d,0.17385,-0.19583,-0.36968
2026-03-02,SATS,20d,0.136587,-0.054348,-0.190935
2026-03-02,ATRO,60d,0.229307,0.044991,-0.184316
2026-03-02,DG,60d,0.185294,-0.313165,-0.498459
2026-03-02,ESLT,60d,0.205865,0.000418,-0.205447
2026-03-02,GDXJ,60d,0.140473,-0.273947,-0.41442
2026-03-02,STNE,60d,0.239532,-0.193249,-0.432781
2026-03-03,ALHC,20d,0.24978,-0.044986,-0.294766
2026-03-03,CHYM,20d,0.180337,-0.177788,-0.358125
2026-03-03,FN,20d,0.132951,-0.056977,-0.189928
2026-03-03,ANF,60d,0.285846,-0.17174,-0.457586
2026-03-03,ATRO,60d,0.240406,0.165037,-0.075369
2026-03-03,CHYM,60d,0.391134,-0.205443,-0.596577
2026-03-04,UNG,5d,0.054684,0.093379,0.038695
2026-03-04,BBIO,20d,0.114584,0.118876,0.004292
2026-03-04,CHYM,20d,0.179716,-0.172735,-0.352451
2026-03-04,RIVN,20d,0.12839,0.00134,-0.12705
2026-03-04,UNG,20d,0.130157,-0.03056,-0.160717
2026-03-04,BHF,60d,0.219402,0.026588,-0.192814
2026-03-04,CELC,60d,0.358298,0.184525,-0.173773
2026-03-04,CHYM,60d,0.458797,-0.174067,-0.632864
2026-03-04,GH,60d,0.380376,0.394216,0.01384
2026-03-04,KLAR,60d,0.234836,0.347826,0.11299
2026-03-04,LQDA,60d,0.241455,0.799302,0.557847
2026-03-04,LULU,60d,0.230607,-0.242653,-0.47326
2026-03-04,OPCH,60d,0.207123,-0.320638,-0.527761
2026-03-04,VSCO,60d,0.363178,-0.083486,-0.446664
2026-03-05,UNG,5d,0.053124,0.082158,0.029034
2026-03-05,CHYM,20d,0.179716,-0.16746,-0.347176
2026-03-05,UNG,20d,0.104837,-0.058091,-0.162928
2026-03-05,AS,60d,0.199151,0.013296,-0.185855
2026-03-05,CHYM,60d,0.310013,-0.168325,-0.478338
2026-03-05,ESTC,60d,0.172706,0.283666,0.11096
2026-03-05,GH,60d,0.170001,0.394902,0.224901
2026-03-05,LULU,60d,0.194789,-0.237268,-0.432057
2026-03-05,RBLX,60d,0.19621,-0.288741,-0.484951
2026-03-06,CHYM,5d,0.072817,-0.072874,-0.145691
2026-03-06,ALHC,20d,0.165038,0.012473,-0.152565
2026-03-06,AMRZ,20d,0.137038,-0.060736,-0.197774
2026-03-06,CAI,20d,0.224643,0.022593,-0.20205
2026-03-06,CHYM,20d,0.418979,-0.129105,-0.548084
2026-03-06,VSCO,20d,0.134726,0.032741,-0.101985
2026-03-06,AS,60d,0.22304,0.042084,-0.180956
2026-03-06,CHYM,60d,0.241517,-0.163293,-0.40481
2026-03-06,DUOL,60d,0.237329,0.078787,-0.158542
2026-03-06,ESLT,60d,0.209679,-0.091943,-0.301622
2026-03-06,FIVE,60d,0.172384,0.023644,-0.14874
2026-03-06,LBRDK,60d,0.178528,-0.392831,-0.571359
2026-03-06,LTH,60d,0.218536,0.267245,0.048709
2026-03-06,LULU,60d,0.205943,-0.256627,-0.46257
2026-03-09,CHYM,5d,0.053478,-0.100751,-0.154229
2026-03-09,ALHC,20d,0.184923,0.188804,0.003881
2026-03-09,CHYM,20d,0.179716,-0.154662,-0.334378
2026-03-09,IOT,20d,0.12881,-0.108021,-0.236831
2026-03-09,ANF,60d,0.29314,-0.114176,-0.407316
2026-03-09,AS,60d,0.199151,0.008216,-0.190935
2026-03-09,CHYM,60d,0.310013,-0.220062,-0.530075
2026-03-09,ESTC,60d,0.232486,0.203756,-0.02873
2026-03-10,CRS,5d,0.051748,-0.051213,-0.102961
2026-03-10,ALHC,20d,0.25265,0.177348,-0.075302
2026-03-10,AVAV,20d,0.148524,-0.156294,-0.304818
2026-03-10,IOT,20d,0.14955,-0.109423,-0.258973
2026-03-10,ANF,60d,0.268328,-0.105609,-0.373937
2026-03-10,ESTC,60d,0.198281,0.255352,0.057071
2026-03-10,MSTR,60d,0.233623,-0.065651,-0.299274
2026-03-10,PINS,60d,0.203589,0.11461,-0.088979
2026-03-10,WING,60d,0.180839,-0.333646,-0.514485
2026-03-11,ALHC,20d,0.196631,0.187118,-0.009513
2026-03-11,FN,20d,0.158134,0.179143,0.021009
2026-03-11,OKTA,20d,0.123027,-0.161905,-0.284932
2026-03-11,ANF,60d,0.29314,-0.136801,-0.429941
2026-03-11,ESTC,60d,0.198281,0.169158,-0.029123
2026-03-11,GAP,60d,0.184112,-0.077585,-0.261697
2026-03-11,LULU,60d,0.183093,-0.298298,-0.481391
2026-03-11,WING,60d,0.180839,-0.316641,-0.49748
2026-03-12,OSCR,5d,0.085281,0.023077,-0.062204
2026-03-12,ALHC,20d,0.172125,0.19743,0.025305
2026-03-12,ANF,20d,0.156017,0.170195,0.014178
2026-03-12,AVAV,20d,0.157601,-0.151784,-0.309385
2026-03-12,CVNA,20d,0.206986,0.149228,-0.057758
2026-03-12,FN,20d,0.179337,0.291205,0.111868
2026-03-12,RIVN,20d,0.146542,0.008497,-0.138045
2026-03-12,SVIX,20d,0.155194,0.055523,-0.099671
2026-03-12,ANF,60d,0.263321,-0.054234,-0.317555
2026-03-12,ATRO,60d,0.197809,0.242741,0.044932
2026-03-12,CHWY,60d,0.211153,-0.180894,-0.392047
2026-03-12,CORT,60d,0.23017,1.26397,1.0338
2026-03-12,GEV,60d,0.181979,0.122946,-0.059033
2026-03-12,LBRDK,60d,0.189268,-0.381484,-0.570752
2026-03-12,MSTR,60d,0.259916,-0.073831,-0.333747
2026-03-12,TTAN,60d,0.275774,-0.035691,-0.311465
2026-03-13,ARRY,5d,0.072923,-0.033189,-0.106112
2026-03-13,AFRM,20d,0.195766,0.108575,-0.087191
2026-03-13,CVNA,20d,0.140306,0.196968,0.056662
2026-03-13,DUOL,20d,0.151643,-0.049395,-0.201038
2026-03-13,RDDT,20d,0.143719,0.128362,-0.015357
2026-03-13,AFRM,60d,0.425803,0.388865,-0.036938
2026-03-13,ANF,60d,0.286971,0.022111,-0.26486
2026-03-13,DUOL,60d,0.413997,0.197886,-0.216111
2026-03-13,ETHE,60d,0.278505,-0.213169,-0.491674
2026-03-13,LIF,60d,0.306866,0.140223,-0.166643
2026-03-13,MSTR,60d,0.357469,-0.162168,-0.519637
2026-03-13,NUVL,60d,0.212567,0.258552,0.045985
2026-03-13,RBLX,60d,0.241795,-0.237859,-0.479654
2026-03-13,STNE,60d,0.225703,-0.065623,-0.291326
2026-03-13,TTAN,60d,0.275774,-0.001271,-0.277045
2026-03-13,WING,60d,0.280441,-0.291075,-0.571516
2026-03-16,ALHC,20d,0.172125,0.215306,0.043181
2026-03-16,ANF,20d,0.117405,0.073647,-0.043758
2026-03-16,SN,20d,0.125558,0.13288,0.007322
2026-03-16,AFRM,60d,0.328766,0.317048,-0.011718
2026-03-16,AS,60d,0.209659,0.006259,-0.2034
2026-03-16,DUOL,60d,0.346824,0.19588,-0.150944
2026-03-16,LIF,60d,0.302359,0.093103,-0.209256
2026-03-16,MSTR,60d,0.315219,-0.218072,-0.533291
2026-03-16,RBLX,60d,0.249862,-0.298631,-0.548493
2026-03-16,TTAN,60d,0.30681,0.006769,-0.300041
2026-03-16,WING,60d,0.272454,-0.267352,-0.539806
2026-03-17,ALHC,20d,0.155428,0.167411,0.011983
2026-03-17,ANF,20d,0.158085,0.058204,-0.099881
2026-03-17,FN,20d,0.140909,0.371565,0.230656
2026-03-17,AFRM,60d,0.360205,0.398023,0.037818
2026-03-17,ANF,60d,0.270008,0.0486,-0.221408
2026-03-17,GBTC,60d,0.266246,-0.150826,-0.417072
2026-03-17,LIF,60d,0.302359,0.088985,-0.213374
2026-03-17,MSTR,60d,0.267306,-0.200492,-0.467798
2026-03-17,WING,60d,0.270803,-0.221178,-0.491981
2026-03-18,ARRY,5d,0.084272,0.126822,0.04255
2026-03-18,ALHC,20d,0.141603,0.144585,0.002982
2026-03-18,ANF,20d,0.156017,0.080493,-0.075524
2026-03-18,CORT,20d,0.159522,0.32012,0.160598
2026-03-18,CVNA,20d,0.190064,0.244084,0.05402
2026-03-18,RDDT,20d,0.142312,0.137685,-0.004627
2026-03-18,ADBE,60d,0.17961,-0.17065,-0.35026
2026-03-18,ANF,60d,0.263321,0.053507,-0.209814
2026-03-18,ATRO,60d,0.186209,0.386282,0.200073
2026-03-18,CHWY,60d,0.23439,-0.20633,-0.44072
2026-03-18,CORT,60d,0.216988,1.48979,1.272802
2026-03-18,CVNA,60d,0.204335,0.100731,-0.103604
2026-03-18,DG,60d,0.19005,-0.08941,-0.27946
2026-03-18,DUOL,60d,0.403155,0.225687,-0.177468
2026-03-18,GEV,60d,0.225073,0.09574,-0.129333
2026-03-18,MNDY,60d,0.195249,0.048668,-0.146581
2026-03-18,MSTR,60d,0.260953,-0.118028,-0.378981
2026-03-18,TMDX,60d,0.244793,-0.355976,-0.600769
2026-03-18,TTAN,60d,0.275774,-0.028659,-0.304433
2026-03-19,GEV,5d,0.065387,-0.004867,-0.070254
2026-03-19,AFRM,20d,0.259544,0.451722,0.192178
2026-03-19,DUOL,20d,0.178406,0.009086,-0.16932
2026-03-19,MSTR,20d,0.160037,0.204572,0.044535
2026-03-19,RDDT,20d,0.168606,0.185925,0.017319
2026-03-19,AFRM,60d,0.596395,0.618276,0.021881
2026-03-19,ANF,60d,0.440206,0.026595,-0.413611
2026-03-19,BITO,60d,0.263328,-0.060767,-0.324095
2026-03-19,DUOL,60d,0.344111,0.275639,-0.068472
2026-03-19,ELF,60d,0.241164,-0.128202,-0.369366
2026-03-19,ESTC,60d,0.310553,0.129646,-0.180907
2026-03-19,ETHE,60d,0.389616,-0.152161,-0.541777
2026-03-19,GAP,60d,0.257974,-0.075685,-0.333659
2026-03-19,GBTC,60d,0.47986,-0.055931,-0.535791
2026-03-19,IT,60d,0.258385,-0.103541,-0.361926
2026-03-19,METC,60d,0.593794,0.015928,-0.577866
2026-03-19,MSTR,60d,0.366664,-0.05136,-0.418024
2026-03-19,QXO,60d,0.27831,-0.177022,-0.455332
2026-03-19,RBLX,60d,0.270637,-0.206189,-0.476826
2026-03-19,STNE,60d,0.394959,-0.038786,-0.433745
2026-03-19,TMDX,60d,0.356259,-0.336264,-0.692523
2026-03-19,TTAN,60d,0.275774,0.004233,-0.271541
2026-03-19,WING,60d,0.376785,-0.110255,-0.48704
2026-03-19,ZS,60d,0.26914,-0.160746,-0.429886
2026-03-20,SARO,5d,0.065922,-0.005469,-0.071391
2026-03-20,AFRM,20d,0.140713,0.530701,0.389988
2026-03-20,DUOL,20d,0.12559,0.06925,-0.05634
2026-03-20,ETHE,20d,0.165025,0.091825,-0.0732
2026-03-20,MSTR,20d,0.218475,0.259104,0.040629
2026-03-20,AFRM,60d,0.643554,0.704862,0.061308
2026-03-20,AMKR,60d,0.370928,0.891451,0.520523
2026-03-20,ANF,60d,0.455443,0.012275,-0.443168
2026-03-20,BURL,60d,0.316213,0.075552,-0.240661
2026-03-20,CCL,60d,0.282924,0.288941,0.006017
2026-03-20,DOCN,60d,0.345826,1.107441,0.761615
2026-03-20,DOCU,60d,0.275484,-0.059284,-0.334768
2026-03-20,DUOL,60d,0.413997,0.30617,-0.107827
2026-03-20,ELF,60d,0.368625,-0.076828,-0.445453
2026-03-20,ESTC,60d,0.318916,0.127556,-0.19136
2026-03-20,ETHE,60d,0.33415,-0.160792,-0.494942
2026-03-20,FOUR,60d,0.293064,0.003158,-0.289906
2026-03-20,GAP,60d,0.297149,-0.084698,-0.381847
2026-03-20,GBTC,60d,0.326943,-0.068436,-0.395379
2026-03-20,IT,60d,0.294424,-0.118766,-0.41319
2026-03-20,KBH,60d,0.279919,0.057915,-0.222004
2026-03-20,LIF,60d,0.403983,0.179011,-0.224972
2026-03-20,METC,60d,0.601238,0.028996,-0.572242
2026-03-20,MIR,60d,0.275322,-0.061789,-0.337111
2026-03-20,MSTR,60d,0.351015,-0.094722,-0.445737
2026-03-20,NUVL,60d,0.275935,0.301994,0.026059
2026-03-20,PI,60d,0.294831,0.321068,0.026237
2026-03-20,PINS,60d,0.288436,0.132762,-0.155674
2026-03-20,QXO,60d,0.3691,-0.087446,-0.456546
2026-03-20,RBLX,60d,0.306982,-0.133778,-0.44076
2026-03-20,RBRK,60d,0.513741,0.403815,-0.109926
2026-03-20,SIG,60d,0.338421,-0.007596,-0.346017
2026-03-20,STNE,60d,0.516594,-0.003506,-0.5201
2026-03-20,TGTX,60d,0.428767,0.680745,0.251978
2026-03-20,TMDX,60d,0.489388,-0.334328,-0.823716
2026-03-20,TTAN,60d,0.313771,-0.017272,-0.331043
2026-03-20,UPST,60d,0.379432,0.240955,-0.138477
2026-03-20,WING,60d,0.425613,-0.131256,-0.556869
2026-03-20,WIX,60d,0.334991,-0.496268,-0.831259
2026-03-20,Z,60d,0.288086,-0.243231,-0.531317
2026-03-20,ZS,60d,0.333885,-0.160032,-0.493917
2026-03-23,ARRY,5d,0.072923,0.019259,-0.053664
2026-03-23,AFRM,20d,0.161382,0.39948,0.238098
2026-03-23,DUOL,20d,0.12559,0.028872,-0.096718
2026-03-23,RDDT,20d,0.146808,0.112514,-0.034294
2026-03-23,AFRM,60d,0.491812,0.532279,0.040467
2026-03-23,ANF,60d,0.334314,-0.031996,-0.36631
2026-03-23,CBRL,60d,0.24329,0.642613,0.399323
2026-03-23,CHWY,60d,0.242507,-0.246715,-0.489222
2026-03-23,DG,60d,0.232715,-0.127125,-0.35984
2026-03-23,DLTR,60d,0.245868,-0.017179,-0.263047
2026-03-23,DUOL,60d,0.458175,0.236992,-0.221183
2026-03-23,ELF,60d,0.33312,-0.134038,-0.467158
2026-03-23,ETHE,60d,0.364479,-0.198116,-0.562595
2026-03-23,GAP,60d,0.227118,-0.146185,-0.373303
2026-03-23,GEV,60d,0.226377,0.188929,-0.037448
2026-03-23,LIF,60d,0.354566,0.142025,-0.212541
2026-03-23,MSTR,60d,0.351015,-0.156585,-0.5076
2026-03-23,QXO,60d,0.26617,-0.184236,-0.450406
2026-03-23,RBLX,60d,0.267734,-0.155172,-0.422906
2026-03-23,RBRK,60d,0.224474,0.352872,0.128398
2026-03-23,STNE,60d,0.394959,-0.072767,-0.467726
2026-03-23,TMDX,60d,0.365756,-0.346717,-0.712473
2026-03-23,TTAN,60d,0.291292,-0.071375,-0.362667
2026-03-23,WING,60d,0.362904,-0.179058,-0.541962
2026-03-23,ZS,60d,0.264288,-0.180632,-0.44492
2026-03-24,RDDT,5d,0.085986,-0.010799,-0.096785
2026-03-24,ANF,20d,0.138619,0.041198,-0.097421
2026-03-24,MSTR,20d,0.169943,0.316404,0.146461
2026-03-24,RDDT,20d,0.146808,0.207097,0.060289
2026-03-24,AFRM,60d,0.491812,0.650368,0.158556
2026-03-24,AI,60d,0.259602,0.242461,-0.017141
2026-03-24,AMKR,60d,0.370928,0.801866,0.430938
2026-03-24,ANF,60d,0.436227,-0.01801,-0.454237
2026-03-24,BURL,60d,0.303579,0.036291,-0.267288
2026-03-24,CCL,60d,0.269097,0.219438,-0.049659
2026-03-24,CHWY,60d,0.29809,-0.223454,-0.521544
2026-03-24,DLTR,60d,0.28828,0.048062,-0.240218
2026-03-24,DUOL,60d,0.445291,0.285422,-0.159869
2026-03-24,ELF,60d,0.356679,-0.049734,-0.406413
2026-03-24,ESTC,60d,0.307764,0.187236,-0.120528
2026-03-24,ETHE,60d,0.38058,-0.196041,-0.576621
2026-03-24,KBH,60d,0.260926,0.02898,-0.231946
2026-03-24,LIF,60d,0.355425,0.207984,-0.147441
2026-03-24,METC,60d,0.342505,-0.020994,-0.363499
2026-03-24,MSTR,60d,0.351015,-0.174092,-0.525107
2026-03-24,PI,60d,0.285745,0.262853,-0.022892
2026-03-24,QXO,60d,0.312003,-0.120357,-0.43236
2026-03-24,RBLX,60d,0.306982,-0.063091,-0.370073
2026-03-24,RBRK,60d,0.408651,0.460786,0.052135
2026-03-24,SIG,60d,0.292094,-0.001078,-0.293172
2026-03-24,STNE,60d,0.506202,-0.083046,-0.589248
2026-03-24,TGTX,60d,0.317338,0.761085,0.443747
2026-03-24,TMDX,60d,0.431061,-0.276625,-0.707686
2026-03-24,TTAN,60d,0.291292,-0.008949,-0.300241
2026-03-24,UPST,60d,0.268675,0.219173,-0.049502
2026-03-24,WING,60d,0.403598,-0.057424,-0.461022
2026-03-24,WIX,60d,0.312748,-0.517707,-0.830455
2026-03-24,Z,60d,0.261103,-0.291326,-0.552429
2026-03-24,ZS,60d,0.286891,-0.10444,-0.391331
2026-03-25,RDDT,5d,0.085986,-0.024708,-0.110694
2026-03-25,ETHE,20d,0.190986,0.064788,-0.126198
2026-03-25,MSTR,20d,0.245483,0.239632,-0.005851
2026-03-25,RDDT,20d,0.195548,0.095467,-0.100081
2026-03-25,SARO,20d,0.185931,-0.086336,-0.272267
2026-03-25,AFRM,60d,0.596395,0.602664,0.006269
2026-03-25,AMR,60d,0.281935,-0.1951,-0.477035
2026-03-25,ANF,60d,0.426746,-0.028007,-0.454753
2026-03-25,BITO,60d,0.348264,-0.098323,-0.446587
2026-03-25,BURL,60d,0.30235,0.033407,-0.268943
2026-03-25,COIN,60d,0.276502,-0.089785,-0.366287
2026-03-25,DUOL,60d,0.39731,0.283797,-0.113513
2026-03-25,ESTC,60d,0.322112,0.176011,-0.146101
2026-03-25,ETHE,60d,0.469219,-0.204016,-0.673235
2026-03-25,GAP,60d,0.340454,-0.166989,-0.507443
2026-03-25,GBTC,60d,0.586141,-0.0946,-0.680741
2026-03-25,IT,60d,0.268514,-0.163083,-0.431597
2026-03-25,METC,60d,0.762328,-0.036638,-0.798966
2026-03-25,MSTR,60d,0.400064,-0.213254,-0.613318
2026-03-25,RBLX,60d,0.314329,-0.165578,-0.479907
2026-03-25,STNE,60d,0.303813,-0.094667,-0.39848
2026-03-25,TGTX,60d,0.293114,0.709617,0.416503
2026-03-25,TMDX,60d,0.400975,-0.281746,-0.682721
2026-03-25,WING,60d,0.389163,-0.05516,-0.444323
2026-03-25,WIX,60d,0.304988,-0.530296,-0.835284
2026-03-25,ZS,60d,0.26914,-0.110298,-0.379438
2026-03-26,DUOL,5d,0.062344,-0.016002,-0.078346
2026-03-26,DUOL,20d,0.145658,0.054429,-0.091229
2026-03-26,ETHE,20d,0.139478,0.132946,-0.006532
2026-03-26,MSTR,20d,0.218475,0.286542,0.068067
2026-03-26,AFRM,60d,0.588428,0.626454,0.038026
2026-03-26,AMKR,60d,0.372761,0.918195,0.545434
2026-03-26,ANF,60d,0.36545,-0.057375,-0.422825
2026-03-26,CBRL,60d,0.301401,0.708607,0.407206
2026-03-26,CCL,60d,0.293451,0.135273,-0.158178
2026-03-26,CHWY,60d,0.296367,-0.324509,-0.620876
2026-03-26,COIN,60d,0.482762,-0.082074,-0.564836
2026-03-26,DAVE,60d,0.371983,0.769961,0.397978
2026-03-26,DLTR,60d,0.326337,0.083027,-0.24331
2026-03-26,DOCN,60d,0.380525,0.8331,0.452575
2026-03-26,DOCU,60d,0.383593,-0.084358,-0.467951
2026-03-26,DUOL,60d,0.445291,0.346346,-0.098945
2026-03-26,ELF,60d,0.466319,-0.056594,-0.522913
2026-03-26,FOUR,60d,0.363674,-0.19686,-0.560534
2026-03-26,GEV,60d,0.386446,0.208991,-0.177455
2026-03-26,KYMR,60d,0.340555,0.212522,-0.128033
2026-03-26,LIF,60d,0.432294,0.205141,-0.227153
2026-03-26,LULU,60d,0.317706,-0.279873,-0.597579
2026-03-26,LYFT,60d,0.303088,0.083109,-0.219979
2026-03-26,METC,60d,0.513676,-0.060129,-0.573805
2026-03-26,MIR,60d,0.30035,0.056986,-0.243364
2026-03-26,QXO,60d,0.592376,-0.160224,-0.7526
2026-03-26,RBLX,60d,0.321162,-0.102136,-0.423298
2026-03-26,RBRK,60d,0.419194,0.569342,0.150148
2026-03-26,SIG,60d,0.388946,-0.026356,-0.415302
2026-03-26,SKYT,60d,0.338113,0.297094,-0.041019
2026-03-26,SNOW,60d,0.348786,0.431775,0.082989
2026-03-26,STNE,60d,0.516594,-0.073116,-0.58971
2026-03-26,TEAM,60d,0.303087,0.209232,-0.093855
2026-03-26,TGTX,60d,0.330388,0.681832,0.351444
2026-03-26,TMDX,60d,0.560995,-0.26683,-0.827825
2026-03-26,TPG,60d,0.342758,-0.022829,-0.365587
2026-03-26,UPST,60d,0.474607,0.242795,-0.231812
2026-03-26,VKTX,60d,0.363879,0.030073,-0.333806
2026-03-26,WING,60d,0.442907,-0.01866,-0.461567
2026-03-26,Z,60d,0.308029,-0.270425,-0.578454
2026-03-26,ZG,60d,0.299535,-0.271289,-0.570824
2026-03-26,ZS,60d,0.369171,-0.096078,-0.465249
2026-03-27,GEV,5d,0.062192,0.051807,-0.010385
2026-03-27,DUOL,20d,0.154179,0.083377,-0.070802
2026-03-27,LCID,20d,0.136081,-0.369149,-0.50523
2026-03-27,MSTR,20d,0.236096,0.342537,0.106441
2026-03-27,STNE,20d,0.14619,0.078283,-0.067907
2026-03-30,AR,5d,0.070863,-0.080714,-0.151577
2026-03-30,DUOL,20d,0.156057,0.128772,-0.027285
2026-03-30,LCID,20d,0.162722,-0.35847,-0.521192
2026-03-30,MSTR,20d,0.189738,0.364542,0.174804
2026-03-30,STNE,20d,0.14619,0.038574,-0.107616
2026-03-30,TTAN,20d,0.143691,0.000495,-0.143196
2026-03-31,GAP,5d,0.059442,0.058316,-0.001126
2026-03-31,EGO,20d,0.161216,-0.137489,-0.298705
2026-03-31,MSTR,20d,0.208397,0.267548,0.059151
2026-03-31,TTAN,20d,0.208804,-0.056413,-0.265217
2026-04-01,GAP,5d,0.057791,0.072208,0.014417
2026-04-01,AFRM,20d,0.172945,0.411506,0.238561
2026-04-01,DUOL,20d,0.145658,0.14461,-0.001048
2026-04-01,TTAN,20d,0.274159,-0.047573,-0.321732
2026-04-02,CVNA,5d,0.064954,0.071358,0.006404
2026-04-02,TGTX,20d,0.148456,0.009544,-0.138912
2026-04-02,TMDX,20d,0.213979,-0.006803,-0.220782
2026-04-02,TTAN,20d,0.277429,-0.019228,-0.296657
2026-04-06,DUOL,5d,0.06243,-0.058865,-0.121295
2026-04-06,AFRM,20d,0.132805,0.38452,0.251715
2026-04-06,FLNC,20d,0.208427,-0.065909,-0.274336
2026-04-06,NCLH,20d,0.149055,-0.112029,-0.261084
2026-04-06,PI,20d,0.129405,0.406898,0.277493
2026-04-06,ROKU,20d,0.15271,0.283299,0.130589
2026-04-06,TTAN,20d,0.239557,0.012855,-0.226702
2026-04-06,VSCO,20d,0.137151,0.041857,-0.095294
2026-04-07,VERA,5d,0.055919,0.109,0.053081
2026-04-07,FLNC,20d,0.224924,-0.042264,-0.267188
2026-04-07,NCLH,20d,0.179064,-0.095569,-0.274633
2026-04-07,ROKU,20d,0.15271,0.262661,0.109951
2026-04-07,SOC,20d,0.146008,-0.006272,-0.15228
2026-04-07,TTAN,20d,0.236911,0.016137,-0.220774
2026-04-07,VSCO,20d,0.137151,0.044874,-0.092277
2026-04-08,CHYM,5d,0.158495,0.156621,-0.001874
2026-04-08,AFRM,20d,0.226288,0.316603,0.090315
2026-04-08,ALHC,20d,0.189968,-0.148756,-0.338724
2026-04-08,CHYM,20d,0.355404,0.073617,-0.281787
2026-04-08,FIG,20d,0.173304,-0.04268,-0.215984
2026-04-08,FLNC,20d,0.213564,0.033537,-0.180027
2026-04-08,NCLH,20d,0.215508,-0.119544,-0.335052
2026-04-08,SATS,20d,0.178724,0.023856,-0.154868
2026-04-08,SOC,20d,0.303714,-0.022595,-0.326309
2026-04-08,TTAN,20d,0.235498,0.01159,-0.223908
2026-04-09,CHYM,5d,0.158495,0.182921,0.024426
2026-04-09,ALHC,20d,0.163834,-0.146398,-0.310232
2026-04-09,CCL,20d,0.168016,-0.030521,-0.198537
2026-04-09,CHYM,20d,0.355404,-0.039414,-0.394818
2026-04-09,FIG,20d,0.173304,0.077568,-0.095736
2026-04-09,NCLH,20d,0.215508,-0.137275,-0.352783
2026-04-09,SOC,20d,0.218114,-0.014593,-0.232707
2026-04-09,TTAN,20d,0.222935,0.1113,-0.111635
2026-04-10,DOCN,5d,0.066363,0.132822,0.066459
2026-04-10,AFRM,20d,0.289627,0.318978,0.029351
2026-04-10,ALHC,20d,0.163834,-0.125366,-0.2892
2026-04-10,CCL,20d,0.168902,-0.057184,-0.226086
2026-04-10,FLNC,20d,0.184155,0.753266,0.569111
2026-04-10,HIMS,20d,0.164743,0.454967,0.290224
2026-04-10,NCLH,20d,0.202807,-0.144289,-0.347096
2026-04-10,TVTX,20d,0.181682,0.470994,0.289312
2026-04-10,UPST,20d,0.156838,0.062362,-0.094476
2026-04-13,CHYM,5d,0.087539,0.145207,0.057668
2026-04-13,AFRM,20d,0.289627,0.278622,-0.011005
2026-04-13,CCL,20d,0.146091,-0.083243,-0.229334
2026-04-13,CHYM,20d,0.214985,-0.143327,-0.358312
2026-04-13,NCLH,20d,0.18632,-0.181639,-0.367959
2026-04-13,NET,20d,0.141448,0.051625,-0.089823
2026-04-13,RH,20d,0.175209,0.02361,-0.151599
2026-04-13,TVTX,20d,0.178054,0.417264,0.23921
2026-04-13,W,20d,0.15489,-0.156984,-0.311874
2026-04-14,RDDT,5d,0.05752,0.014754,-0.042766
2026-04-14,AFRM,20d,0.328245,0.172161,-0.156084
2026-04-14,CCL,20d,0.146091,-0.133844,-0.279935
2026-04-14,DUOL,20d,0.139414,0.159086,0.019672
2026-04-14,EL,20d,0.157059,0.110835,-0.046224
2026-04-14,FLNC,20d,0.184155,0.437838,0.253683
2026-04-14,HIMS,20d,0.164743,0.171816,0.007073
2026-04-14,NCLH,20d,0.189834,-0.241347,-0.431181
2026-04-14,NET,20d,0.147904,0.045564,-0.10234
2026-04-14,RH,20d,0.181902,0.00436,-0.177542
2026-04-14,UPST,20d,0.156838,-0.05723,-0.214068
2026-04-14,W,20d,0.170733,-0.190444,-0.361177
2026-04-15,AFRM,20d,0.20544,0.065582,-0.139858
2026-04-15,COIN,20d,0.148963,0.030117,-0.118846
2026-04-15,DUOL,20d,0.135112,0.062766,-0.072346
2026-04-15,HIMS,20d,0.153382,-0.006175,-0.159557
2026-04-15,HOOD,20d,0.142135,-0.121049,-0.263184
2026-04-15,NCLH,20d,0.145141,-0.239583,-0.384724
2026-04-15,TVTX,20d,0.182612,0.087912,-0.0947
2026-04-15,W,20d,0.194363,-0.219189,-0.413552
2026-04-16,HIMS,5d,0.052186,0.042979,-0.009207
2026-04-16,AFRM,20d,0.248862,0.120936,-0.127926
2026-04-16,APGE,20d,0.17334,-0.07333,-0.24667
2026-04-16,COIN,20d,0.37653,0.060952,-0.315578
2026-04-16,CSIQ,20d,0.148887,0.372881,0.223994
2026-04-16,FLNC,20d,0.215962,0.397864,0.181902
2026-04-16,HOOD,20d,0.227078,-0.070812,-0.29789
2026-04-16,ILMN,20d,0.144468,0.079265,-0.065203
2026-04-16,INSM,20d,0.154455,-0.190279,-0.344734
2026-04-16,NCLH,20d,0.147848,-0.204693,-0.352541
2026-04-16,SATS,20d,0.166919,0.019698,-0.147221
2026-04-16,SOFI,20d,0.175386,-0.158171,-0.333557
2026-04-16,STNE,20d,0.144076,-0.232068,-0.376144
2026-04-16,UPST,20d,0.299367,-0.102146,-0.401513
2026-04-16,W,20d,0.224226,-0.199198,-0.423424
2026-04-17,NTLA,5d,0.07441,-0.088294,-0.162704
2026-04-17,AFRM,20d,0.20544,0.020465,-0.184975
2026-04-17,COIN,20d,0.25815,-0.052828,-0.310978
2026-04-17,DAVE,20d,0.1809,-0.059511,-0.240411
2026-04-17,EL,20d,0.188052,0.053543,-0.134509
2026-04-17,GH,20d,0.186291,0.050465,-0.135826
2026-04-17,HOOD,20d,0.226033,-0.149972,-0.376005
2026-04-17,JOBY,20d,0.184347,0.123644,-0.060703
2026-04-17,SOFI,20d,0.197071,-0.196603,-0.393674
2026-04-17,UPST,20d,0.298918,-0.14637,-0.445288
2026-04-17,W,20d,0.234036,-0.284151,-0.518187
2026-04-20,COIN,5d,0.096532,-0.070642,-0.167174
2026-04-20,AFRM,20d,0.236466,-0.039517,-0.275983
2026-04-20,CCL,20d,0.178372,-0.136071,-0.314443
2026-04-20,COIN,20d,0.413424,-0.104853,-0.518277
2026-04-20,EL,20d,0.190502,0.027746,-0.162756
2026-04-20,ELF,20d,0.234944,-0.198188,-0.433132
2026-04-20,FLNC,20d,0.278293,0.54711,0.268817
2026-04-20,GH,20d,0.17861,0.050401,-0.128209
2026-04-20,HOOD,20d,0.256038,-0.154752,-0.41079
2026-04-20,INSM,20d,0.293928,-0.249755,-0.543683
2026-04-20,JOBY,20d,0.188093,0.132385,-0.055708
2026-04-20,KYMR,20d,0.22014,-0.083515,-0.303655
2026-04-20,QXO,20d,0.208184,-0.310487,-0.518671
2026-04-20,SATS,20d,0.265619,0.009918,-0.255701
2026-04-20,SOFI,20d,0.28877,-0.194359,-0.483129
2026-04-20,UPST,20d,0.390549,-0.198508,-0.589057
2026-04-20,VSAT,20d,0.261128,0.116105,-0.145023
2026-04-20,W,20d,0.233613,-0.269207,-0.50282
2026-04-21,W,5d,0.064882,-0.080929,-0.145811
2026-04-21,APGE,20d,0.153581,-0.138565,-0.292146
2026-04-21,CCL,20d,0.16329,-0.121479,-0.284769
2026-04-21,COIN,20d,0.415744,-0.012758,-0.428502
2026-04-21,EL,20d,0.187974,0.003691,-0.184283
2026-04-21,FLNC,20d,0.242268,0.402506,0.160238
2026-04-21,HOOD,20d,0.242221,-0.141965,-0.384186
2026-04-21,INSM,20d,0.232306,-0.238119,-0.470425
2026-04-21,QXO,20d,0.176428,-0.291111,-0.467539
2026-04-21,SATS,20d,0.226814,0.102212,-0.124602
2026-04-21,SOFI,20d,0.246748,-0.191184,-0.437932
2026-04-21,TLRY,20d,0.16945,-0.243832,-0.413282
2026-04-21,UPST,20d,0.332126,-0.154217,-0.486343
2026-04-21,VSAT,20d,0.222345,0.134655,-0.08769
2026-04-21,W,20d,0.214013,-0.283127,-0.49714
2026-04-22,COGT,5d,0.084999,-0.01429,-0.099289
2026-04-22,AFRM,20d,0.250658,0.008111,-0.242547
2026-04-22,CCL,20d,0.185272,-0.027861,-0.213133
2026-04-22,COIN,20d,0.428658,-0.072488,-0.501146
2026-04-22,CSIQ,20d,0.180245,0.233161,0.052916
2026-04-22,DAVE,20d,0.185553,-0.135277,-0.32083
2026-04-22,EL,20d,0.197658,0.020089,-0.177569
2026-04-22,ELF,20d,0.196513,-0.226593,-0.423106
2026-04-22,FLNC,20d,0.280628,0.402963,0.122335
2026-04-22,HOOD,20d,0.283089,-0.143277,-0.426366
2026-04-22,INSM,20d,0.293928,-0.253115,-0.547043
2026-04-22,MP,20d,0.199196,-0.183408,-0.382604
2026-04-22,QXO,20d,0.248733,-0.177958,-0.426691
2026-04-22,SATS,20d,0.302633,0.158875,-0.143758
2026-04-22,SOFI,20d,0.316582,-0.17681,-0.493392
2026-04-22,UPST,20d,0.396887,-0.169833,-0.56672
2026-04-22,VSAT,20d,0.297367,0.193247,-0.10412
2026-04-22,W,20d,0.224226,-0.197222,-0.421448
2026-04-23,COGT,5d,0.094665,-0.009685,-0.10435
2026-04-23,AFRM,20d,0.250658,0.066688,-0.18397
2026-04-23,APGE,20d,0.168371,-0.066372,-0.234743
2026-04-23,CCL,20d,0.178372,-0.011619,-0.189991
2026-04-23,COIN,20d,0.428658,-0.022078,-0.450736
2026-04-23,EL,20d,0.198457,0.032853,-0.165604
2026-04-23,FLNC,20d,0.280628,0.493343,0.212715
2026-04-23,HOOD,20d,0.256038,-0.091214,-0.347252
2026-04-23,INSM,20d,0.250434,-0.238476,-0.48891
2026-04-23,JOBY,20d,0.177343,0.224971,0.047628
2026-04-23,MP,20d,0.222039,-0.024953,-0.246992
2026-04-23,QXO,20d,0.228634,-0.229412,-0.458046
2026-04-23,SATS,20d,0.265651,0.056945,-0.208706
2026-04-23,SOFI,20d,0.29854,-0.145742,-0.444282
2026-04-23,UPST,20d,0.381479,-0.120963,-0.502442
2026-04-23,VSAT,20d,0.288974,0.130713,-0.158261
2026-04-23,W,20d,0.218675,-0.13777,-0.356445
2026-04-24,COGT,5d,0.094665,-0.00489,-0.099555
2026-04-24,AFRM,20d,0.270494,0.02354,-0.246954
2026-04-24,BBIO,20d,0.200732,-0.056769,-0.257501
2026-04-24,COIN,20d,0.428658,-0.073985,-0.502643
2026-04-24,EL,20d,0.202368,0.134927,-0.067441
2026-04-24,ELF,20d,0.217377,-0.201871,-0.419248
2026-04-24,FLNC,20d,0.280628,0.606129,0.325501
2026-04-24,HOOD,20d,0.256038,-0.130681,-0.386719
2026-04-24,INSM,20d,0.273252,-0.214027,-0.487279
2026-04-24,KYMR,20d,0.214334,-0.070899,-0.285233
2026-04-24,MP,20d,0.222039,0.061419,-0.16062
2026-04-24,QXO,20d,0.254779,-0.205055,-0.459834
2026-04-24,RDDT,20d,0.239722,-0.085351,-0.325073
2026-04-24,SATS,20d,0.302633,0.057021,-0.245612
2026-04-24,SOFI,20d,0.322268,-0.152928,-0.475196
2026-04-24,UPST,20d,0.390549,-0.147208,-0.537757
2026-04-24,VSAT,20d,0.297367,0.202775,-0.094592
2026-04-24,W,20d,0.21921,-0.148642,-0.367852
2026-04-27,COGT,5d,0.083474,0.003415,-0.080059
2026-04-27,AFRM,20d,0.236466,0.063565,-0.172901
2026-04-27,BBWI,20d,0.220679,-0.066351,-0.28703
2026-04-27,COIN,20d,0.391875,-0.084757,-0.476632
2026-04-27,EL,20d,0.196458,0.120021,-0.076437
2026-04-27,ELF,20d,0.227185,-0.150502,-0.377687
2026-04-27,FLNC,20d,0.230473,0.596557,0.366084
2026-04-27,HOOD,20d,0.242221,-0.117451,-0.359672
2026-04-27,INSM,20d,0.273252,-0.199368,-0.47262
2026-04-27,KYMR,20d,0.214334,-0.068182,-0.282516
2026-04-27,MP,20d,0.199196,0.031885,-0.167311
2026-04-27,QXO,20d,0.262367,-0.158411,-0.420778
2026-04-27,SATS,20d,0.285426,0.01225,-0.273176
2026-04-27,SIG,20d,0.194935,-0.042383,-0.237318
2026-04-27,SOFI,20d,0.311258,-0.148188,-0.459446
2026-04-27,UPST,20d,0.368091,-0.075204,-0.443295
2026-04-27,VSAT,20d,0.279444,0.387658,0.108214
2026-04-27,W,20d,0.21508,-0.050812,-0.265892
2026-04-28,COGT,5d,0.083474,0.017611,-0.065863
2026-04-28,AFRM,20d,0.236466,0.115263,-0.121203
2026-04-28,BBWI,20d,0.220679,0.009865,-0.210814
2026-04-28,COIN,20d,0.391875,-0.104688,-0.496563
2026-04-28,EL,20d,0.196458,0.182879,-0.013579
2026-04-28,ELF,20d,0.227185,-0.089524,-0.316709
2026-04-28,FLNC,20d,0.230473,0.718219,0.487746
2026-04-28,HOOD,20d,0.242221,-0.071159,-0.31338
2026-04-28,INSM,20d,0.273252,-0.211501,-0.484753
2026-04-28,KYMR,20d,0.214334,-0.025641,-0.239975
2026-04-28,MP,20d,0.199196,0.056888,-0.142308
2026-04-28,QXO,20d,0.262367,-0.112698,-0.375065
2026-04-28,SATS,20d,0.285426,-0.010024,-0.29545
2026-04-28,SIG,20d,0.194935,-0.045126,-0.240061
2026-04-28,SOFI,20d,0.311258,-0.119281,-0.430539
2026-04-28,UPST,20d,0.368091,-0.065125,-0.433216
2026-04-28,VSAT,20d,0.279444,0.47382,0.194376
2026-04-28,W,20d,0.21508,-0.005843,-0.220923
2026-04-29,UPST,5d,0.094654,-0.058399,-0.153053
2026-04-29,APGE,20d,0.27836,-0.051323,-0.329683
2026-04-29,COIN,20d,0.374357,0.002861,-0.371496
2026-04-29,CVNA,20d,0.164508,-0.073476,-0.237984
2026-04-29,DAVE,20d,0.191653,0.044895,-0.146758
2026-04-29,ELF,20d,0.171743,-0.060249,-0.231992
2026-04-29,HOOD,20d,0.242221,0.191573,-0.050648
2026-04-29,MSTR,20d,0.162116,-0.041406,-0.203522
2026-04-29,QXO,20d,0.183721,-0.098419,-0.28214
2026-04-29,RDDT,20d,0.252011,0.134958,-0.117053
2026-04-29,TLRY,20d,0.189364,-0.079805,-0.269169
2026-04-29,UPST,20d,0.261101,0.072507,-0.188594
2026-04-29,W,20d,0.186364,-0.007097,-0.193461
2026-04-30,RBRK,5d,0.11681,0.156262,0.039452
2026-04-30,ANF,20d,0.15581,-0.095255,-0.251065
2026-04-30,APGE,20d,0.227267,-0.009048,-0.236315
2026-04-30,COIN,20d,0.404613,0.00671,-0.397903
2026-04-30,CVNA,20d,0.164508,-0.077817,-0.242325
2026-04-30,ELF,20d,0.209741,-0.12459,-0.334331
2026-04-30,HOOD,20d,0.24722,0.29373,0.04651
2026-04-30,INSM,20d,0.204008,-0.2158,-0.419808
2026-04-30,KYMR,20d,0.156557,0.004317,-0.15224
2026-04-30,MDGL,20d,0.158104,-0.038888,-0.196992
2026-04-30,QXO,20d,0.208184,-0.140508,-0.348692
2026-04-30,SATS,20d,0.182344,0.049131,-0.133213
2026-04-30,SOFI,20d,0.269551,0.131677,-0.137874
2026-04-30,TLRY,20d,0.174236,-0.116987,-0.291223
2026-04-30,UPST,20d,0.261101,0.069981,-0.19112
2026-04-30,ZIM,20d,0.177482,-0.111573,-0.289055
2026-05-01,UPST,5d,0.090487,-0.115455,-0.205942
2026-05-01,AFRM,20d,0.155394,0.079508,-0.075886
2026-05-01,APGE,20d,0.17334,-0.017957,-0.191297
2026-05-01,COIN,20d,0.404613,-0.045176,-0.449789
2026-05-01,EL,20d,0.156903,0.083366,-0.073537
2026-05-01,ELF,20d,0.201561,-0.115722,-0.317283
2026-05-01,HOOD,20d,0.256038,0.23174,-0.024298
2026-05-01,INSM,20d,0.232306,-0.204337,-0.436643
2026-05-01,QXO,20d,0.194743,-0.154389,-0.349132
2026-05-01,SKYT,20d,0.150155,0.200375,0.05022
2026-05-01,SOFI,20d,0.217759,0.130858,-0.086901
2026-05-01,TLRY,20d,0.174236,-0.108766,-0.283002
2026-05-01,UPST,20d,0.316837,0.026573,-0.290264
2026-05-01,VSAT,20d,0.267849,0.118857,-0.148992
2026-05-01,W,20d,0.20102,0.108397,-0.092623
2026-05-04,COIN,5d,0.085096,0.067048,-0.018048
2026-05-04,APGE,20d,0.227936,-0.057929,-0.285865
2026-05-04,BBIO,20d,0.144617,-0.074069,-0.218686
2026-05-04,COIN,20d,0.374357,-0.142864,-0.517221
2026-05-04,CVNA,20d,0.164508,-0.128934,-0.293442
2026-05-04,ELF,20d,0.201885,-0.15958,-0.361465
2026-05-04,HOOD,20d,0.242221,0.151666,-0.090555
2026-05-04,INSM,20d,0.180942,-0.259124,-0.440066
2026-05-04,MSTR,20d,0.162116,-0.25963,-0.421746
2026-05-04,QXO,20d,0.204059,-0.146444,-0.350503
2026-05-04,TLRY,20d,0.174236,-0.088136,-0.262372
2026-05-04,UPST,20d,0.261101,0.009663,-0.251438
2026-05-04,W,20d,0.172793,0.115189,-0.057604
2026-05-05,RBRK,5d,0.11681,0.058463,-0.058347
2026-05-05,APGE,20d,0.215595,0.010806,-0.204789
2026-05-05,COIN,20d,0.404613,-0.174614,-0.579227
2026-05-05,CVNA,20d,0.1616,-0.16049,-0.32209
2026-05-05,ELF,20d,0.200072,-0.125042,-0.325114
2026-05-05,HOOD,20d,0.24722,0.075555,-0.171665
2026-05-05,INSM,20d,0.204008,-0.255164,-0.459172
2026-05-05,KYMR,20d,0.163001,-0.114859,-0.27786
2026-05-05,MDGL,20d,0.156048,-0.028499,-0.184547
2026-05-05,QXO,20d,0.194743,-0.128776,-0.323519
2026-05-05,SATS,20d,0.204519,0.03051,-0.174009
2026-05-05,SOFI,20d,0.269551,0.041198,-0.228353
2026-05-05,TLRY,20d,0.16574,-0.101933,-0.267673
2026-05-05,UPST,20d,0.261101,-0.028232,-0.289333
2026-05-05,ZIM,20d,0.177482,-0.141856,-0.319338
2026-05-06,COIN,5d,0.116045,0.019398,-0.096647
2026-05-06,ANF,20d,0.157202,-0.021914,-0.179116
2026-05-06,APGE,20d,0.196553,0.075231,-0.121322
2026-05-06,ETH,20d,0.403441,-0.243946,-0.647387
2026-05-06,ETHA,20d,0.402511,-0.244357,-0.646868
2026-05-06,FETH,20d,0.403513,-0.24434,-0.647853
2026-05-07,COIN,5d,0.095173,0.098725,0.003552
2026-05-07,APGE,20d,0.177512,0.062462,-0.11505
2026-05-07,COIN,20d,0.189191,-0.210199,-0.39939
2026-05-07,ELF,20d,0.163442,-0.197767,-0.361209
2026-05-07,ETHE,20d,0.162811,-0.314733,-0.477544
2026-05-07,HOOD,20d,0.209329,0.081148,-0.128181
2026-05-07,VKTX,20d,0.249265,-0.099113,-0.348378
2026-05-08,RBRK,5d,0.264356,0.022939,-0.241417
2026-05-08,APGE,20d,0.266654,-0.000241,-0.266895
2026-05-08,COIN,20d,0.216565,-0.194124,-0.410689
2026-05-08,DAVE,20d,0.260683,0.054461,-0.206222
2026-05-08,ELF,20d,0.200072,-0.140979,-0.341051
2026-05-08,HOOD,20d,0.227361,0.103985,-0.123376
2026-05-08,QXO,20d,0.189869,-0.171642,-0.361511
2026-05-08,RBRK,20d,0.269414,0.150626,-0.118788
2026-05-08,VKTX,20d,0.212038,-0.066709,-0.278747
2026-05-08,WAY,20d,0.18058,-0.112254,-0.292834
2026-05-11,COIN,5d,0.104796,-0.125392,-0.230188
2026-05-11,ETH,20d,0.403441,-0.291629,-0.69507
2026-05-11,ETHA,20d,0.402511,-0.293718,-0.696229
2026-05-11,FETH,20d,0.403513,-0.292149,-0.695662
2026-05-11,HIMS,20d,0.181621,-0.005491,-0.187112
2026-05-12,COIN,5d,0.095783,-0.068339,-0.164122
2026-05-12,ETHE,20d,0.116526,-0.287415,-0.403941
2026-05-12,RBRK,20d,0.118251,0.179428,0.061177
2026-05-13,RBRK,5d,0.069551,0.12458,0.055029
2026-05-13,RBRK,20d,0.112806,0.201244,0.088438
2026-05-13,VKTX,20d,0.138392,-0.097476,-0.235868
2026-05-14,COIN,5d,0.096532,-0.087024,-0.183556
2026-05-14,ETH,20d,0.367159,-0.274519,-0.641678
2026-05-14,ETHA,20d,0.366907,-0.275922,-0.642829
2026-05-14,FETH,20d,0.366325,-0.275983,-0.642308
2026-05-15,LIF,5d,0.056917,0.043862,-0.013055
2026-05-15,LIF,20d,0.108982,0.268233,0.159251
2026-05-15,SMCI,20d,0.099661,-0.006121,-0.105782
2026-05-18,KRMN,5d,0.059532,-0.083824,-0.143356
2026-05-18,CLS,20d,0.111117,0.114804,0.003687
2026-05-18,TPL,20d,0.115572,-0.076861,-0.192433
2026-05-19,KRMN,5d,0.120058,-0.010592,-0.13065
2026-05-19,AMTM,20d,0.141603,-0.049934,-0.191537
2026-05-19,CVNA,20d,0.198599,-0.007735,-0.206334
2026-05-19,KRMN,20d,0.258098,-0.189564,-0.447662
2026-05-20,KRMN,5d,0.059532,0.001521,-0.058011
2026-05-20,CLS,20d,0.111117,0.075242,-0.035875
2026-05-20,LIF,20d,0.108982,0.237254,0.128272
2026-05-21,QXO,5d,0.072595,0.012918,-0.059677
2026-05-21,CVNA,20d,0.141989,0.035409,-0.10658
2026-05-21,TPL,20d,0.144626,-0.088966,-0.233592
2026-05-22,RDDT,20d,0.380799,0.214682,-0.166117
2026-05-22,ETH,20d,0.166377,-0.196429,-0.362805
2026-05-22,FETH,20d,0.164991,-0.196837,-0.361828
2026-05-22,ETHA,20d,0.163194,-0.197495,-0.360689
2026-05-22,PRAX,20d,0.152905,-0.119339,-0.272244
2026-05-22,CENX,20d,0.1245,-0.275788,-0.400288
2026-05-22,DAVE,20d,0.12,0.387551,0.267551
2026-05-22,GEV,20d,0.116401,0.016226,-0.100176
2026-05-22,METC,20d,0.111029,-0.056753,-0.167781
2026-05-22,AMD,20d,0.110337,0.11435,0.004013
2026-05-22,VERA,20d,0.103073,0.106052,0.002979
2026-05-22,AMR,20d,0.094153,-0.040616,-0.134769
2026-05-22,IRTC,20d,0.093674,-0.037062,-0.130737
2026-05-22,ATEC,20d,0.092251,0.034196,-0.058055
2026-05-22,LIF,20d,0.091351,0.188961,0.09761
2026-05-22,CELH,20d,0.090625,-0.053619,-0.144244
2026-05-22,ANF,20d,0.08899,0.095133,0.006143
2026-05-22,MP,20d,0.088457,-0.071827,-0.160285
2026-05-22,TLRY,20d,0.086449,-0.124764,-0.211213
2026-05-22,SRPT,20d,0.084378,0.039286,-0.045092
2026-05-22,ZIM,20d,0.083734,0.018423,-0.065311
2026-05-22,APGE,20d,0.078681,0.636828,0.558147
2026-05-22,RYTM,20d,0.078591,0.192054,0.113463
2026-05-22,RVMD,20d,0.064272,0.114806,0.050534
2026-05-22,HCC,20d,0.064244,0.03491,-0.029334
2026-05-22,STRL,20d,0.062208,0.221805,0.159597
2026-05-22,VKTX,20d,0.06213,0.142117,0.079987
2026-05-22,MRVL,20d,0.060565,0.425712,0.365147
2026-05-22,BTU,20d,0.058529,-0.013238,-0.071768
2026-05-22,KRMN,20d,0.056961,-0.274493,-0.331454
2026-05-22,ELF,20d,0.056161,0.192722,0.136561
2026-05-22,NVDA,20d,0.054851,-0.061184,-0.116035
2026-05-22,CNR,20d,0.05484,-0.020368,-0.075208
2026-05-22,EME,20d,0.053511,0.003982,-0.049529
2026-05-22,INSP,20d,0.051849,-0.052121,-0.103971
2026-05-22,GPN,20d,0.051511,-0.125926,-0.177438
2026-05-22,AMTM,20d,0.051133,-0.098364,-0.149498
2026-05-22,ETH,5d,0.074456,-0.030102,-0.104558
2026-05-22,ETHA,5d,0.073951,-0.029544,-0.103495
2026-05-22,FETH,5d,0.072847,-0.029197,-0.102044
2026-05-22,KRMN,5d,0.069083,-0.163026,-0.23211
2026-05-22,LIF,5d,0.056305,0.196917,0.140611
2026-05-26,COIN,5d,0.091093,-0.033443,-0.124535
2026-05-26,ETH,5d,0.088733,-0.078292,-0.167025
2026-05-26,FETH,5d,0.085716,-0.078004,-0.16372
2026-05-26,ETHA,5d,0.085378,-0.079385,-0.164764
2026-05-26,ETHE,5d,0.06242,-0.078665,-0.141085
2026-05-27,COIN,5d,0.105804,-0.060766,-0.166571
2026-05-27,COGT,5d,0.087404,-0.065198,-0.152603
2026-05-27,ETH,5d,0.085947,-0.121539,-0.207485
2026-05-27,FETH,5d,0.085707,-0.123227,-0.208934
2026-05-27,ETHA,5d,0.084781,-0.123022,-0.207803
2026-05-27,ETHE,5d,0.079086,-0.123265,-0.202351
2026-05-27,MSTR,5d,0.069607,-0.179313,-0.248919
2026-05-27,MRNA,5d,0.063293,0.030456,-0.032838
2026-05-27,METC,5d,0.061801,0.084942,0.023141
2026-05-27,CSIQ,5d,0.056839,0.025197,-0.031642
2026-05-27,DJT,5d,0.053246,0.007001,-0.046245
2026-05-27,PRAX,5d,0.052064,-0.218968,-0.271032
2026-05-27,NTLA,5d,0.052057,-0.03125,-0.083306
2026-05-27,HOOD,5d,0.050701,0.086842,0.036142
2026-05-28,COIN,5d,0.095841,-0.099424,-0.195264
2026-05-28,ETHE,5d,0.071733,-0.118418,-0.190151
2026-05-28,RBRK,5d,0.069599,0.094994,0.025395
2026-05-28,ETH,5d,0.062258,-0.117277,-0.179535
2026-05-28,ETHA,5d,0.061152,-0.118499,-0.179651
2026-05-28,FETH,5d,0.060893,-0.117265,-0.178159
2026-05-28,FLNC,5d,0.059054,0.271067,0.212013
2026-05-29,COIN,5d,0.087408,-0.193779,-0.281186
2026-05-29,ETH,5d,0.086185,-0.218913,-0.305098
2026-05-29,FETH,5d,0.086122,-0.217987,-0.304109
2026-05-29,ETHA,5d,0.084981,-0.219079,-0.30406
2026-05-29,RBRK,5d,0.06497,-0.066387,-0.131357
2026-05-29,ETHE,5d,0.057037,-0.217258,-0.274295
2026-06-01,ETH,5d,0.08628,-0.157812,-0.244091
2026-06-01,FETH,5d,0.086206,-0.158897,-0.245103
2026-06-01,ETHA,5d,0.085073,-0.158173,-0.243247
2026-06-01,COIN,5d,0.076367,-0.112261,-0.188628
2026-06-01,RBRK,5d,0.069481,-0.156812,-0.226293
2026-06-01,ETHE,5d,0.052456,-0.158072,-0.210528
2026-06-02,RBRK,5d,0.056396,-0.128629,-0.185024
2026-06-02,HIMS,5d,0.050931,0.053435,0.002504
2026-06-03,ETH,5d,0.069335,-0.096906,-0.166241
2026-06-03,ETHA,5d,0.067635,-0.095729,-0.163364
2026-06-03,FETH,5d,0.066576,-0.094813,-0.161389
2026-06-03,KRMN,5d,0.065724,-0.115162,-0.180886
2026-06-03,LIF,5d,0.059155,-0.029431,-0.088585
2026-06-03,MLTX,5d,0.056746,-0.042693,-0.099439
2026-06-04,LIF,5d,0.05614,-0.05272,-0.108859
2026-06-05,CHYM,5d,0.060029,-0.044622,-0.104652
2026-06-08,LMND,5d,0.054999,0.146876,0.091877
2026-06-08,CHYM,5d,0.052732,0.003984,-0.048748
2026-06-09,BLSH,5d,0.070959,-0.034944,-0.105903
2026-06-09,SOLS,5d,0.067661,0.040857,-0.026804
2026-06-09,CHYM,5d,0.052734,-0.001172,-0.053905
2026-06-10,BLSH,5d,0.107386,-0.085824,-0.19321
2026-06-10,CAI,5d,0.075277,0.040793,-0.034484
2026-06-10,SOLS,5d,0.067808,0.095894,0.028086
2026-06-10,CHYM,5d,0.062429,0.009732,-0.052697
2026-06-10,KRMN,5d,0.06233,0.134293,0.071962
2026-06-10,POWL,5d,0.062023,0.120797,0.058775
2026-06-10,OSCR,5d,0.05685,0.015081,-0.041769
2026-06-10,GH,5d,0.053863,-0.012165,-0.066029
2026-06-10,LGN,5d,0.051751,0.054778,0.003026
2026-06-10,LNTH,5d,0.05021,0.029429,-0.020781
2026-06-10,ALGM,5d,0.050018,0.211944,0.161926
2026-06-11,SOLS,5d,0.067955,0.054207,-0.013747
2026-06-11,UNG,5d,0.054099,0.051971,-0.002128
2026-06-11,CHYM,5d,0.053406,0.02029,-0.033117
2026-06-12,BLSH,5d,0.076816,-0.077912,-0.154729
2026-06-12,KRMN,5d,0.074243,-0.002718,-0.076961
2026-06-12,FIG,5d,0.066396,0.029126,-0.03727
2026-06-12,TTAN,5d,0.060524,-0.062902,-0.123426
2026-06-12,CEG,5d,0.053701,0.08579,0.032089
2026-06-15,HIMS,5d,0.065466,0.123964,0.058498
2026-06-15,BZ,5d,0.054588,-0.074648,-0.129235
2026-06-15,ZIM,5d,0.054559,0.031501,-0.023059
2026-06-15,LVS,5d,0.053471,-0.033776,-0.087246
2026-06-15,CSIQ,5d,0.052015,-0.112559,-0.164574
2026-06-15,W,5d,0.050242,0.022171,-0.028071
