ticker,persistence,avg_regime_alpha,resolved_signals,hit_rate
VG,50,-0.06155472222222222,18.0,0.2777777777777778
VICR,47,-0.06115660869565217,23.0,0.34782608695652173
LNTH,46,-0.1550832,5.0,0.0
BLSH,45,-0.02813547058823529,17.0,0.29411764705882354
KRMN,44,-0.13510036,25.0,0.36
STX,42,-0.046948,1.0,0.0
VIAV,41,-0.049447714285714296,7.0,0.5714285714285714
CAR,41,-0.19846,1.0,0.0
DOCN,40,-0.07991073333333333,15.0,0.26666666666666666
TPL,40,-0.10331212499999999,8.0,0.125
ESLT,40,-0.122778,8.0,0.125
AR,39,0.023155142857142857,7.0,0.5714285714285714
LGN,39,-0.17238386666666666,15.0,0.06666666666666667
JBS,39,-0.1451502,5.0,0.0
CIEN,38,0.001955727272727272,11.0,0.45454545454545453
CORT,38,0.0791271111111111,9.0,0.5555555555555556
WIX,37,0.22077784615384616,13.0,0.9230769230769231
OKTA,37,0.14398616666666667,6.0,0.6666666666666666
STM,37,-0.21275424999999998,4.0,0.0
POWL,37,-0.24306071428571427,7.0,0.0
MLTX,37,-0.2527812,10.0,0.0
INTC,37,-0.087385,1.0,0.0
CROX,37,-0.13887757142857143,7.0,0.0
FORM,36,0.099542,3.0,0.6666666666666666
MRNA,35,0.4957059285714286,14.0,0.5714285714285714
ACMR,35,-0.21545993333333333,15.0,0.0
VSAT,35,-0.092766,2.0,0.0
EWY,35,-0.08265,1.0,0.0
SGML,35,-0.10605065217391305,23.0,0.30434782608695654
PTEN,35,-0.0008889285714285702,14.0,0.5714285714285714
CHYM,35,0.10562065625,32.0,0.53125
ALGM,35,-0.1303535,4.0,0.0
TVTX,34,-0.07597808333333333,12.0,0.25
TTMI,33,-0.2596715,2.0,0.0
MU,33,-0.151388,3.0,0.0
TGTX,33,-0.04884644444444444,9.0,0.1111111111111111
LITE,33,0.04540125,12.0,0.5833333333333334
PBF,33,0.018625125,16.0,0.625
APA,33,0.085261,7.0,1.0
AMKR,32,0.017427,1.0,1.0
HUM,32,-0.08693050000000001,6.0,0.0
GFS,32,-0.459402,2.0,0.0
CVE,32,0.0479185,2.0,1.0
TER,31,0.059898,1.0,1.0
WDC,31,-0.173158,1.0,0.0
MUR,30,-0.08298425,4.0,0.25
ALB,30,-0.0293395,12.0,0.5
AG,30,-0.08099350000000001,14.0,0.14285714285714285
CGON,30,-0.0016796666666666661,3.0,0.3333333333333333
CHTR,30,,,
OSCR,30,-0.077648,1.0,0.0
LBRT,30,-0.2134938,5.0,0.0
CNC,29,-0.149828,1.0,0.0
NE,29,0.021161375,8.0,0.625
TTAN,29,-0.04590409090909091,11.0,0.2727272727272727
EQNR,29,0.1536146,5.0,0.8
WLK,29,-0.08052716666666666,6.0,0.0
SPHR,29,-0.04741014285714285,14.0,0.5
LBRDK,29,,,
HAL,29,-0.032770428571428575,7.0,0.2857142857142857
LSCC,28,-0.12321576923076923,13.0,0.07692307692307693
TSEM,28,0.050021,2.0,1.0
CBRL,28,-0.0354145,6.0,0.3333333333333333
DINO,27,,,
OVV,27,0.035280625,8.0,1.0
SITM,27,-0.03701928571428571,7.0,0.42857142857142855
MTDR,27,-0.017930999999999996,4.0,0.25
RRC,27,-0.0022005,2.0,0.5
DAR,26,-0.0086245,6.0,0.3333333333333333
SOLS,26,-0.104710375,8.0,0.0
LQDA,26,-0.09074666666666666,6.0,0.5
SQM,26,-0.05611253846153846,13.0,0.23076923076923078
SYNA,26,-0.2647158333333333,6.0,0.0
ZIM,26,-0.02740765,20.0,0.3
BRKR,26,-0.11910766666666667,3.0,0.0
HNGE,26,-0.08927328571428571,7.0,0.0
PBR,26,0.017078375,8.0,0.25
VAL,26,0.080041,1.0,1.0
UI,26,-0.007510428571428569,7.0,0.42857142857142855
PEN,26,-0.07080627272727273,11.0,0.0
UNG,26,-0.07218594117647059,17.0,0.11764705882352941
ENTG,26,0.0624515,2.0,0.5
ONTO,26,0.182055,1.0,1.0
VSNT,26,-0.11899768421052632,19.0,0.0
TWLO,26,-0.05145954545454545,11.0,0.36363636363636365
RVMD,26,0.012723499999999999,2.0,0.5
ATRO,26,-0.12534099999999998,5.0,0.0
FRO,26,0.0627122,5.0,1.0
DOW,26,-0.019349,1.0,0.0
PR,25,-0.0011768,5.0,0.2
EQT,25,-0.007318428571428572,7.0,0.42857142857142855
OMDA,25,,,
SM,25,0.04610475,4.0,0.75
AGI,25,0.0422905,16.0,0.75
AKAM,25,-0.11142200000000001,3.0,0.0
BTU,25,-0.01960841666666667,12.0,0.25
CRK,25,-0.02113741666666667,12.0,0.3333333333333333
AGX,25,-0.15183133333333335,3.0,0.0
OGN,24,,,
AU,24,0.23267799999999997,3.0,1.0
SEI,24,-0.04909736363636364,11.0,0.36363636363636365
JBL,24,-0.084502,2.0,0.0
LTH,24,-0.09928366666666666,3.0,0.0
AMR,24,0.16485341666666667,12.0,0.75
CENX,24,-0.076497375,8.0,0.375
LNG,24,-0.0027420000000000014,2.0,0.5
MSTR,24,0.17336736363636363,11.0,0.7272727272727273
TH,24,,,
VLO,24,0.05407700000000001,6.0,1.0
RHI,24,0.041053,1.0,1.0
GH,24,-0.10909857142857142,7.0,0.0
BBWI,24,-0.11135425,8.0,0.0
PUMP,24,,,
PM,24,-0.07554033333333333,3.0,0.0
HIMS,23,-0.19740259090909093,22.0,0.18181818181818182
VRSN,23,0.037421666666666666,3.0,1.0
EAT,23,0.007793249999999998,4.0,0.25
CE,23,-0.085472375,8.0,0.0
CAVA,23,-0.2344516,10.0,0.1
ENPH,23,-0.15907936363636363,11.0,0.0
TDW,23,,,
MPC,23,0.08816957142857143,7.0,1.0
TWST,23,0.004792333333333333,3.0,0.6666666666666666
SBAC,23,-0.14966566666666667,3.0,0.0
PARR,22,-0.114703,1.0,0.0
RIVN,22,-0.1136191,10.0,0.0
HIMX,22,,,
ALHC,22,-0.5428322,5.0,0.0
BCAX,22,-0.23518442857142857,7.0,0.0
GRPN,22,-0.113841,5.0,0.0
GEO,22,-0.100439,1.0,0.0
AIR,21,-0.0030466666666666676,3.0,0.3333333333333333
LYB,21,0.005967,2.0,1.0
CVI,21,,,
CNK,21,-0.05078442857142857,7.0,0.2857142857142857
WRBY,21,-0.18541633333333332,6.0,0.0
DNTH,21,-0.22366049999999998,2.0,0.0
DUOL,21,0.0211075,6.0,0.5
FIVE,21,0.1240795,2.0,1.0
ON,21,-0.25082866666666664,3.0,0.0
KLAR,21,-0.31594809090909093,11.0,0.0
APP,21,-0.13715914285714284,14.0,0.0
KEYS,21,-0.0175285,4.0,0.25
TXG,21,,,
AMD,21,0.17752,2.0,1.0
ELVN,21,-0.214767,1.0,0.0
FSLY,21,0.07592433333333333,3.0,1.0
FTNT,21,,,
ICHR,21,-0.058945000000000004,5.0,0.4
UMC,21,,,
SYRE,21,-0.159056,1.0,0.0
VET,21,,,
UPST,21,-0.12399661538461539,13.0,0.07692307692307693
MT,21,0.10321200000000001,4.0,1.0
GLW,20,,,
TALO,20,,,
VECO,20,-0.12706699999999999,2.0,0.0
CRSR,20,,,
COHU,20,,,
GME,20,-0.06182,1.0,0.0
LB,20,-0.075133,1.0,0.0
BTC,20,0.131072,2.0,1.0
ATEX,20,,,
ORKA,20,,,
INSM,20,-0.026307,7.0,0.42857142857142855
KLIC,20,,,
UCTT,20,-0.14516,1.0,0.0
ASX,20,,,
BWET,20,0.040684500000000005,4.0,0.5
FTI,20,-0.0211738,5.0,0.2
IMVT,20,,,
FNV,20,0.092122,3.0,1.0
ROG,20,,,
PDFS,20,,,
RELY,20,,,
AA,20,-0.09661353846153846,13.0,0.07692307692307693
LRN,20,-0.1589225,4.0,0.0
MPLT,20,,,
CRGY,20,,,
MBLY,20,-0.14225322222222223,9.0,0.0
CHRD,20,0.052708500000000005,2.0,1.0
AMAT,19,-0.163277,1.0,0.0
AIP,19,,,
OIH,19,0.0186805,2.0,1.0
CXW,19,,,
XPO,19,-0.1211795,2.0,0.0
HOOD,19,0.025262785714285713,14.0,0.7142857142857143
AEIS,19,-0.02573,1.0,0.0
COHR,19,-0.1542965,2.0,0.0
ADTN,19,,,
AMBQ,19,-0.03465818181818182,11.0,0.36363636363636365
DELL,19,,,
DK,19,-0.165801,1.0,0.0
SKYT,19,,,
ENLT,19,,,
KRYS,19,-0.08255611764705882,17.0,0.11764705882352941
FET,19,,,
BRUN,19,-0.341788,1.0,0.0
IRDM,19,,,
GAP,19,-0.008045333333333333,9.0,0.5555555555555556
BRBR,19,-0.1848725,4.0,0.0
PNRG,19,,,
G,19,0.10617311111111111,9.0,0.8888888888888888
VSTS,19,,,
BRZE,19,0.11689920000000001,5.0,0.6
HCC,19,0.09646733333333334,18.0,0.6111111111111112
BJ,19,0.037235000000000004,4.0,0.5
XOP,19,0.0157472,5.0,1.0
NTR,18,,,
APEI,18,,,
CNR,18,0.017543538461538465,13.0,0.6153846153846154
VSH,18,,,
DIOD,18,,,
Q,18,-0.10117944444444443,9.0,0.1111111111111111
GPRE,18,,,
MEOH,18,,,
MKSI,18,-0.2065925,4.0,0.0
PTRN,18,-0.16101666666666667,6.0,0.0
WBD,18,-0.03960292307692308,13.0,0.23076923076923078
SRAD,18,-0.13537,4.0,0.0
LION,18,,,
LINC,18,,,
ALNY,18,,,
PAAS,18,-0.031406133333333336,15.0,0.26666666666666666
JAZZ,18,,,
ETOR,18,,,
VRT,18,,,
UNFI,18,,,
RAL,18,-0.026691375000000003,8.0,0.5
CC,18,-0.11002833333333334,3.0,0.0
CLMT,18,,,
SAIA,18,-0.2599796,5.0,0.0
ARM,18,-0.005644000000000003,2.0,0.5
BUD,18,-0.104195,1.0,0.0
REMX,18,-0.091426,1.0,0.0
BHE,18,,,
AFRM,17,-0.145299,10.0,0.1
CON,17,-0.097055,1.0,0.0
PRMB,17,-0.220724,1.0,0.0
AXSM,17,-0.1414312222222222,9.0,0.0
BROS,17,-0.199698,7.0,0.14285714285714285
MRVL,17,-0.034866,1.0,0.0
ANF,17,0.11069671428571429,7.0,0.7142857142857143
AOSL,17,-0.071286,1.0,0.0
CRWD,17,-0.067827,1.0,0.0
LULU,17,-0.09903766666666668,6.0,0.16666666666666666
WT,17,,,
CRDO,17,-0.22165859999999998,10.0,0.1
ZD,17,,,
ACLS,17,-0.123682,1.0,0.0
DAN,17,,,
WLY,17,-0.145206,1.0,0.0
ALKS,17,-0.1738305,2.0,0.0
AUGO,17,0.04562766666666667,3.0,0.6666666666666666
EXTR,17,-0.11663,1.0,0.0
ATI,17,0.078806,1.0,1.0
PLAB,17,,,
VIST,17,,,
HPE,17,-0.027898000000000003,3.0,0.6666666666666666
USO,17,-0.0093,1.0,0.0
PLSE,17,-0.0798985,4.0,0.0
PONY,17,-0.142054,21.0,0.0
RBRK,17,-0.12968966666666668,9.0,0.2222222222222222
KVYO,17,-0.02291793333333333,15.0,0.4
HTFL,17,-0.08533516666666667,12.0,0.16666666666666666
FCG,17,,,
CDNA,17,,,
NSIT,17,,,
AMN,17,,,
COP,16,0.020904,1.0,1.0
GDDY,16,,,
ARWR,16,0.083478,1.0,1.0
OXY,16,0.017782,1.0,1.0
RXO,16,-0.163958,1.0,0.0
W,16,0.016847374999999998,16.0,0.625
ATEN,16,,,
ASTH,16,,,
CAMT,16,-0.039797,1.0,0.0
PAYC,16,0.546812,2.0,1.0
BA,16,-0.194452,1.0,0.0
VAC,16,-0.198674,1.0,0.0
GLOB,16,-0.05914140000000001,5.0,0.4
PLTR,16,-0.05823383333333334,6.0,0.16666666666666666
GLNG,16,,,
HMY,16,0.159638,2.0,0.5
NVCR,16,,,
ESTC,16,0.1504760769230769,13.0,0.8461538461538461
DDOG,16,-0.209769,2.0,0.0
CELH,16,-0.20004,1.0,0.0
DXPE,16,-0.089642,3.0,0.0
ENS,16,-0.30684,1.0,0.0
EGO,16,0.137379,4.0,0.75
DVA,16,,,
SIMO,16,,,
LASR,16,,,
CF,16,-0.06397900000000001,4.0,0.0
LEU,16,-0.1022261111111111,9.0,0.3333333333333333
CAI,16,0.02032484615384615,13.0,0.3076923076923077
LINE,16,-0.22202125,4.0,0.0
NET,16,-0.0333688,10.0,0.6
NBR,16,,,
ARCB,16,,,
AAP,16,-0.192376,3.0,0.0
MTRN,15,0.0063,1.0,1.0
ALK,15,-0.11849799999999999,2.0,0.0
NESR,15,,,
COKE,15,-0.030362999999999994,5.0,0.2
VIA,15,-0.035451750000000004,4.0,0.25
HOS,15,,,
KGC,15,-0.011852166666666665,6.0,0.3333333333333333
KGS,15,,,
LCID,15,-0.418877,4.0,0.0
NOG,15,,,
COLD,15,-0.22636699999999998,4.0,0.0
DECK,15,-0.17642714285714287,7.0,0.0
SLVP,15,0.0007674285714285707,7.0,0.5714285714285714
FLKR,15,,,
UNIT,15,,,
UNH,15,,,
GSAT,15,,,
STRL,15,-0.2285905,2.0,0.0
CVSA,15,,,
TMDX,15,,,
FISV,15,-0.035428,1.0,0.0
SCHL,15,,,
TTE,15,0.1367245,2.0,1.0
AESI,15,,,
TNK,15,,,
TPR,15,-0.12502075,8.0,0.375
VFC,14,-0.163321,2.0,0.0
ATLC,14,,,
CRC,14,,,
HLF,14,-0.10840266666666666,3.0,0.0
WING,14,-0.20792,1.0,0.0
RBLX,14,0.10005,1.0,1.0
ROIV,14,,,
RGLD,14,0.13085925,4.0,1.0
RMBS,14,0.081061,1.0,1.0
PSX,14,,,
INTA,14,-0.175715,1.0,0.0
VPG,14,,,
PENG,14,,,
INGM,14,-0.176538,1.0,0.0
TGT,14,,,
AMTM,14,-0.08908433333333333,6.0,0.3333333333333333
AMT,14,-0.06313,3.0,0.0
NKTR,14,-0.28256800000000004,2.0,0.0
WPM,14,0.18517,2.0,1.0
AMBA,14,-0.05160933333333334,6.0,0.5
CNQ,14,0.042189000000000004,3.0,1.0
MXL,14,0.072037,1.0,1.0
NEM,14,0.278963,2.0,1.0
MUSA,14,-0.1479082,5.0,0.0
ADEA,14,-0.144726,2.0,0.0
WTTR,14,,,
MGY,14,0.001613,1.0,1.0
DOCU,14,0.0365584,5.0,0.6
ECPG,14,,,
TYRA,14,,,
BZ,14,-0.034476375000000004,8.0,0.375
SENEA,14,-0.10155766666666666,3.0,0.0
EXEL,14,-0.027164,11.0,0.36363636363636365
DPZ,14,,,
PRIM,14,-0.149731,1.0,0.0
FRPT,14,-0.001313500000000009,2.0,0.5
RDDT,14,-0.12619590909090908,11.0,0.0
GEV,14,-0.114819,1.0,0.0
HE,14,-0.37072075,4.0,0.0
PRDO,14,,,
SRPT,14,0.0053639999999999955,7.0,0.42857142857142855
DAVE,14,-0.033805875,8.0,0.5
SLB,14,0.068863,1.0,1.0
DLTR,14,-0.005340666666666666,3.0,0.3333333333333333
TS,14,,,
GDXJ,14,0.053469499999999996,2.0,0.5
ACHC,13,,,
CNM,13,-0.14098033333333335,3.0,0.0
ZETA,13,0.01049125,4.0,0.5
NFG,13,,,
ARX,13,-0.067847,6.0,0.0
NTLA,13,-0.0775795,2.0,0.0
AMRZ,13,-0.2527454,5.0,0.0
NTSK,13,,,
AMDY,13,,,
LKQ,13,-0.2278695,2.0,0.0
LMND,13,-0.10645925,4.0,0.25
HUBS,13,0.16668080000000002,5.0,1.0
INDV,13,-0.1278106,5.0,0.0
PCVX,13,0.034572500000000006,2.0,1.0
PBR-A,13,,,
PANW,13,,,
CNX,13,-0.015190285714285715,7.0,0.5714285714285714
VSEC,13,-0.27619266666666664,9.0,0.0
JBHT,13,,,
WAY,13,0.121739,1.0,1.0
PVLA,13,-0.08525266666666666,3.0,0.0
STNE,13,-0.306645,1.0,0.0
PSKY,13,0.030764999999999994,2.0,0.5
CHPY,13,-0.0651675,4.0,0.0
GOLD,13,-0.062161499999999995,2.0,0.5
GOOG,13,-0.09175733333333334,3.0,0.0
GOOGL,13,-0.09020133333333334,3.0,0.0
RH,13,-0.07809100000000001,4.0,0.5
CMG,13,-0.041648,4.0,0.5
SNOW,13,0.0008493333333333362,3.0,0.3333333333333333
GDX,13,0.0757965,2.0,0.5
S,13,,,
EVER,13,-0.26718775,4.0,0.0
ETHA,13,0.009656799999999997,10.0,0.3
FETH,13,0.009506100000000002,10.0,0.3
EQIX,13,-0.077921,3.0,0.0
ETH,13,0.010751,10.0,0.3
DB,13,-0.14442,1.0,0.0
ECO,13,,,
DVN,13,-0.043746,1.0,0.0
SILJ,13,-0.01067942857142857,7.0,0.2857142857142857
MNDY,13,-0.026499399999999996,5.0,0.4
AAON,13,-0.273626,1.0,0.0
AAL,12,-0.1361386,10.0,0.0
TNDM,12,-0.36149,1.0,0.0
AIS,12,-0.04558,1.0,0.0
YOU,12,,,
NIQ,12,-0.09163914285714285,7.0,0.14285714285714285
LIND,12,,,
EC,12,,,
NAVN,12,-0.087081,3.0,0.3333333333333333
GMED,12,,,
DG,12,-0.110706,2.0,0.0
CHKP,12,-0.10938,2.0,0.0
FN,12,-0.06548775,4.0,0.25
DOCS,12,0.006590250000000006,4.0,0.5
NTAP,12,-0.055431,1.0,0.0
COIN,12,0.020430875,8.0,0.75
SIL,12,0.017625166666666667,6.0,0.6666666666666666
NVMI,12,-0.186716,3.0,0.0
ARW,12,,,
NXT,12,-0.23868599999999998,3.0,0.0
ODFL,12,-0.262001,2.0,0.0
KR,12,,,
APGE,12,,,
AS,12,-0.177890375,8.0,0.0
DJT,12,0.0017279999999999958,6.0,0.3333333333333333
OLN,12,-0.281602,1.0,0.0
AVAV,12,-0.1010925,4.0,0.25
AROC,12,,,
IRTC,12,-0.1246755,2.0,0.0
SG,12,-0.012617833333333337,12.0,0.3333333333333333
JBIO,12,-0.373599,1.0,0.0
PLPC,12,,,
BILL,12,0.039269125,8.0,0.75
BAND,12,,,
BG,12,,,
FDX,12,-0.13116,1.0,0.0
FIX,12,-0.09788633333333334,3.0,0.0
BEAM,12,-0.23935383333333335,6.0,0.0
IART,12,,,
INBX,12,,,
PCOR,12,0.17604888888888887,9.0,0.7777777777777778
WSM,12,-0.0264485,2.0,0.5
ZLAB,12,-0.096716,1.0,0.0
XNCR,12,-0.105376,2.0,0.5
MOH,12,-0.226655,4.0,0.0
BKR,12,0.096745,2.0,1.0
CSIQ,12,-0.11723125000000001,8.0,0.125
ROKU,12,-0.0331066,5.0,0.2
UEC,12,-0.18883866666666668,3.0,0.0
REPL,12,-0.249453,3.0,0.0
BNO,12,,,
TKR,11,,,
XPRO,11,,,
MTZ,11,-0.155505,1.0,0.0
MELI,11,-0.076096,1.0,0.0
ELF,11,-0.0423126,5.0,0.2
KNTK,11,,,
TIGO,11,,,
CRS,11,-0.22109220000000002,5.0,0.0
SXC,11,,,
SEB,11,-0.151061,2.0,0.0
SU,11,0.005527,1.0,1.0
COGT,11,-0.12166750000000001,4.0,0.25
NXE,11,-0.008093666666666664,6.0,0.6666666666666666
NVDA,11,-0.0523615,6.0,0.0
KMX,11,-0.173495,1.0,0.0
NTRA,11,0.08868883333333333,6.0,0.8333333333333334
TAN,11,,,
LFST,11,,,
ANDE,11,,,
MYRG,11,,,
MCHP,11,-0.12270600000000001,2.0,0.0
LIF,11,-0.1511148,5.0,0.0
SIRI,11,-0.173282,2.0,0.0
DXCM,11,-0.11346033333333334,3.0,0.0
RHLD,11,-0.10947128571428573,14.0,0.21428571428571427
GNRC,11,-0.13227966666666666,3.0,0.0
FROG,11,-0.12692716666666667,6.0,0.16666666666666666
FTAI,11,-0.0984815,4.0,0.25
SNX,11,,,
OII,11,,,
HBM,11,-0.106956,2.0,0.0
STNG,11,-0.085956,1.0,0.0
BCRX,11,,,
CVNA,11,-0.11341671428571429,7.0,0.0
BWIN,11,,,
BFAM,11,-0.063005,1.0,0.0
HII,11,,,
HP,11,,,
SFM,11,0.025659,1.0,1.0
KEX,11,,,
AI,10,0.006300142857142857,7.0,0.42857142857142855
TEAM,10,0.36002549999999994,6.0,1.0
WGMI,10,-0.122232,2.0,0.0
ADM,10,-0.037913499999999996,2.0,0.5
NEOG,10,0.105611,1.0,1.0
ORIC,10,-0.140308,1.0,0.0
SIVR,10,-0.03134833333333333,3.0,0.6666666666666666
E,10,,,
MCHPP,10,-0.09745150000000001,6.0,0.0
MRAM,10,,,
AEM,10,,,
CPRT,10,,,
ARRY,10,-0.311123,2.0,0.0
CELC,10,-0.061284500000000006,2.0,0.0
TTD,10,-0.1369408,5.0,0.2
CHWY,10,,,
SYM,10,-0.09589057142857142,7.0,0.14285714285714285
ESTA,10,-0.1560785,8.0,0.0
ERO,10,0.06035759999999999,5.0,0.4
SFD,10,,,
OPCH,10,0.027645799999999998,5.0,0.8
SMTC,10,-0.0056075000000000005,4.0,0.5
HRB,10,0.006999666666666667,3.0,0.3333333333333333
HSBC,10,,,
BEN,10,-0.092832,2.0,0.0
IOT,10,0.0029537500000000015,4.0,0.25
SLV,10,-0.03206666666666667,3.0,0.6666666666666666
HAE,10,0.0144698,5.0,0.6
STAA,10,,,
FANG,10,-0.003439,1.0,0.0
PVH,10,-0.022165,1.0,0.0
GTX,10,,,
POWI,10,,,
QXO,10,-0.132498,4.0,0.0
BHVN,10,-0.165275,2.0,0.0
UTI,10,,,
URGN,10,-0.186076,1.0,0.0
CME,10,,,
FMC,10,-0.030261,1.0,0.0
FLEX,10,,,
FTRE,10,-0.015633,1.0,0.0
FOX,10,0.0499915,2.0,1.0
ULS,10,-0.177349,1.0,0.0
BMY,10,-0.03199,1.0,0.0
RKT,10,-0.12935385714285713,7.0,0.0
WVE,10,-0.27274825,4.0,0.0
MUX,9,-0.192252,1.0,0.0
MGM,9,-0.138313625,8.0,0.0
MTSI,9,,,
NCLH,9,-0.2302377777777778,9.0,0.0
LPG,9,,,
KWEB,9,-0.07545283333333333,6.0,0.3333333333333333
AMSC,9,-0.12094949999999999,2.0,0.0
EOG,9,,,
EPAM,9,0.17284833333333335,3.0,1.0
TD,9,,,
COPX,9,0.016529000000000002,2.0,0.5
ROOT,9,-0.175839,7.0,0.14285714285714285
WFRD,9,,,
ALSN,9,-0.1685355,2.0,0.0
ANDG,9,,,
NSP,9,-0.11179466666666667,3.0,0.0
SOXX,9,,,
QURE,9,-0.164704,1.0,0.0
CCL,9,-0.15767214285714284,7.0,0.14285714285714285
FICO,9,-0.110612,1.0,0.0
EXPE,9,0.014371749999999997,8.0,0.625
DE,9,,,
SN,9,0.0121784,5.0,0.4
MMYT,9,-0.18229275,4.0,0.25
ZM,9,0.002762999999999997,3.0,0.3333333333333333
MIRM,9,-0.16714,1.0,0.0
CZR,9,-0.08699775,4.0,0.0
SPOT,9,0.08311225,4.0,1.0
RS,9,,,
RPRX,9,,,
FCX,9,0.034779000000000004,8.0,0.625
EXE,9,-0.008134,1.0,0.0
CCJ,9,-0.041976,2.0,0.5
BVN,9,0.064394,1.0,1.0
AVT,9,,,
IONS,9,0.058025,1.0,1.0
B,9,0.023918333333333333,3.0,0.6666666666666666
PSLV,9,-0.0360675,2.0,0.5
PRAX,9,-0.1619605,4.0,0.0
EL,9,-0.021095625,8.0,0.375
CEVA,9,,,
STUB,9,-0.32734742857142857,7.0,0.0
RUM,9,,,
UTHR,9,,,
SCCO,9,0.062519,1.0,1.0
USOI,9,,,
KFRC,9,,,
PI,9,,,
PENN,9,-0.18808,1.0,0.0
DGP,8,,,
KNSL,8,-0.09456333333333333,3.0,0.0
APTV,8,,,
APD,8,-0.044956,1.0,0.0
RCL,8,-0.07929699999999999,2.0,0.5
GDS,8,-0.13521060000000001,5.0,0.0
NP,8,-0.05330175,4.0,0.5
NRG,8,,,
GFI,8,,,
FSLR,8,,,
NTNX,8,0.055323,2.0,1.0
QCOM,8,,,
SII,8,,,
CRUS,8,-0.249218,1.0,0.0
CAKE,8,,,
LRCX,8,,,
AEO,8,-0.0669482,5.0,0.2
MSTY,8,,,
MOS,8,,,
MP,8,-0.048930999999999995,3.0,0.6666666666666666
MSGS,8,-0.04428,1.0,0.0
AIPO,8,-0.061402,1.0,0.0
UNF,8,,,
MWA,8,,,
MAN,8,,,
NEU,8,0.093609,1.0,1.0
CARR,8,,,
EMBJ,8,-0.036327625,8.0,0.25
ETHE,8,0.12200280000000001,5.0,1.0
TIC,8,-0.107981,2.0,0.0
AXON,8,0.037765999999999994,2.0,0.5
IP,8,-0.206684,3.0,0.0
ATEC,8,0.0001135,2.0,0.5
CCI,8,-0.18530833333333332,3.0,0.0
ETSY,8,,,
CLX,8,,,
VCYT,8,,,
VERA,8,-0.12434579999999999,5.0,0.4
CHRW,8,-0.206074,1.0,0.0
BILI,8,-0.1769965,6.0,0.0
OLLI,8,,,
ONC,8,-0.12046733333333333,3.0,0.0
EPC,8,,,
TFX,8,-0.07878625,4.0,0.0
PEB,8,,,
HWM,8,-0.0760392,5.0,0.0
FIVN,8,,,
UBER,8,-0.16500333333333334,3.0,0.0
CLF,8,-0.122685,1.0,0.0
BAI,8,-0.009298,1.0,0.0
PHAT,8,,,
BKD,8,-0.11801149999999999,4.0,0.0
BLMN,8,,,
CART,8,-0.1000424,5.0,0.0
PINS,8,-0.2049095,2.0,0.0
BBIO,8,-0.1094105,2.0,0.0
CVS,8,-0.111673,5.0,0.0
PLXS,8,,,
WSO,8,-0.1493742,5.0,0.0
TDOC,8,,,
ABVX,8,-0.1442798,5.0,0.0
MOD,8,,,
MKTX,7,0.3209884,5.0,1.0
YPF,7,,,
SNEX,7,,,
HDB,7,,,
BAX,7,,,
CSTM,7,,,
HAS,7,0.131846,1.0,1.0
HALO,7,,,
ZS,7,,,
BHF,7,-0.21377625,4.0,0.0
AWK,7,,,
IRM,7,,,
AVTR,7,0.034074,1.0,1.0
VIRT,7,,,
HSY,7,-0.012762,1.0,0.0
HLNE,7,0.151093,3.0,1.0
BSOL,7,0.1984955,2.0,1.0
INVX,7,-0.07887150000000001,2.0,0.0
VRTX,7,-0.06423566666666668,3.0,0.0
P,7,,,
INSW,7,,,
PTCT,7,-0.09562828571428571,7.0,0.0
TENB,7,,,
RYAN,7,-0.09109400000000001,2.0,0.0
VIR,7,,,
HWKN,7,,,
U,7,,,
RNG,7,,,
GGAL,7,-0.1168385,4.0,0.0
RAMP,7,,,
QNST,7,,,
LBRX,7,-0.1680645,4.0,0.0
LEGN,7,-0.152859,1.0,0.0
DNOW,7,,,
SKY,7,-0.01952766666666667,6.0,0.5
KMI,7,,,
SOFI,7,-0.017486,1.0,0.0
CAT,7,,,
WBI,7,,,
NYT,7,-0.10979699999999999,3.0,0.3333333333333333
JOBY,7,-0.214381,2.0,0.0
PWP,7,-0.212966,1.0,0.0
USLM,7,,,
GPCR,7,-0.23109275,4.0,0.0
URNM,7,-0.056279666666666665,3.0,0.3333333333333333
CGEM,7,,,
CGNX,7,,,
SHAK,7,-0.17306275,4.0,0.25
SFL,7,,,
MIR,7,-0.07106266666666666,6.0,0.16666666666666666
ROST,7,,,
SION,7,-0.04855725,4.0,0.5
UGI,7,0.048624,1.0,1.0
MEC,7,,,
MPWR,7,,,
ANAB,7,,,
NEO,7,,,
METC,7,-0.1940024,5.0,0.2
CVLT,6,,,
HST,6,,,
HUN,6,,,
HTHT,6,-0.16095033333333333,3.0,0.0
BJRI,6,,,
T,6,,,
CQQQ,6,-0.13156025,4.0,0.0
FTXL,6,,,
FLG,6,-0.130949,2.0,0.0
UHS,6,,,
BMRN,6,-0.082905,2.0,0.0
MRCY,6,-0.145864,2.0,0.0
MANE,6,0.030802999999999997,6.0,0.6666666666666666
MDLN,6,-0.22810999999999998,2.0,0.0
MGA,6,-0.015852666666666668,3.0,0.0
MCHI,6,,,
WLFC,6,,,
KNF,6,,,
TRGP,6,-0.017342999999999997,2.0,0.0
KKR,6,,,
NRIX,6,-0.2172915,2.0,0.0
LFUS,6,,,
GLDM,6,,,
SLAB,6,,,
TTWO,6,,,
SATS,6,,,
CLS,6,0.007034749999999994,4.0,0.75
VERX,6,,,
INSP,6,0.12075633333333334,3.0,1.0
GT,6,,,
GSHD,6,-0.428828,1.0,0.0
SAIC,6,0.129939,1.0,1.0
PGNY,6,,,
TTEK,6,,,
PSI,6,,,
IAU,6,,,
IDXX,6,,,
IDCC,6,-0.035136,3.0,0.3333333333333333
IMO,6,0.009197,1.0,1.0
BETA,6,-0.1496546,5.0,0.2
DASH,6,-0.183876,1.0,0.0
ACI,6,,,
CNH,6,,,
EZPW,6,,,
IAUM,6,,,
ICLN,6,,,
AVPT,6,,,
PPC,6,-0.13203466666666666,3.0,0.0
XENE,6,,,
XPEV,6,-0.17994,1.0,0.0
RRX,6,,,
HOG,6,,,
CLBT,6,-0.026883,1.0,0.0
BBNX,6,-0.12263871428571428,7.0,0.14285714285714285
TDS,6,,,
BMA,6,-0.09564571428571429,7.0,0.0
AJG,6,,,
REGN,6,,,
LSTR,6,-0.26549599999999995,2.0,0.0
EME,6,-0.09754433333333334,3.0,0.0
WH,6,,,
CRSP,6,-0.1279605,2.0,0.0
TAP,6,-0.13746233333333333,3.0,0.0
FUN,6,-0.317422,2.0,0.0
CBT,6,,,
ARLO,6,,,
KMT,6,,,
BRO,6,,,
OR,6,,,
ONON,6,-0.03753,1.0,0.0
IT,6,,,
APO,6,0.0319165,2.0,1.0
KNX,6,,,
TARS,6,,,
ECG,6,-0.088141,1.0,0.0
CBZ,6,,,
CCC,6,0.1366075,6.0,1.0
KTOS,6,0.189703,2.0,1.0
NVEC,6,,,
IBIT,5,0.11770900000000001,2.0,1.0
PFS,5,,,
IPGP,5,,,
VRNS,5,,,
IFF,5,,,
IE,5,-0.20707633333333333,3.0,0.0
VKTX,5,-0.104345625,8.0,0.125
AVNT,5,,,
XYZ,5,-0.0671975,4.0,0.25
YETI,5,-0.2229314,5.0,0.0
CSL,5,0.008616,1.0,1.0
CTRI,5,,,
AAAU,5,,,
WMB,5,,,
YMM,5,-0.126743,2.0,0.0
YUM,5,,,
XP,5,0.08334766666666667,3.0,0.6666666666666666
MLYS,5,-0.0051210000000000006,2.0,0.5
WYNN,5,-0.13081625,4.0,0.0
XLE,5,,,
AAUC,5,,,
MMSI,5,0.111935,1.0,1.0
WST,5,,,
AGYS,5,,,
AAMI,5,-0.097026,1.0,0.0
ACN,5,,,
HPQ,5,,,
IIPR,5,,,
BIRK,5,-0.157176,1.0,0.0
BITB,5,0.117617,2.0,1.0
HLIO,5,-0.128702,1.0,0.0
ABT,5,,,
FIS,5,,,
FA,5,,,
STLD,5,,,
FBTC,5,0.117475,2.0,1.0
CSGP,5,-0.06666449999999999,2.0,0.5
DD,5,,,
SNAP,5,,,
SLG,5,-0.2168575,2.0,0.0
IYE,5,,,
THC,5,,,
EWTX,5,-0.086497,1.0,0.0
CACC,5,,,
SARO,5,-0.18936250000000002,4.0,0.0
VDE,5,,,
GRC,5,,,
PRGO,5,,,
PAR,5,,,
JBTM,5,-0.140428,2.0,0.0
TTC,5,-0.053087,1.0,0.0
SKM,5,,,
NUE,5,,,
LI,5,-0.0953415,2.0,0.0
NSA,5,,,
KVUE,5,-0.140971,2.0,0.0
USAR,5,,,
CMBT,5,,,
GPK,5,,,
GPI,5,,,
CGAU,5,,,
TREX,5,-0.111247,1.0,0.0
SDRL,5,,,
SEPN,5,-0.21335700000000002,2.0,0.0
VST,5,-0.071939,2.0,0.0
ARKB,5,0.1188375,2.0,1.0
SJM,5,0.0019553333333333332,3.0,0.3333333333333333
DHT,5,,,
DKNG,5,,,
ASR,5,,,
ASML,5,,,
ASAN,5,,,
GLD,5,,,
GILD,5,0.10374333333333334,3.0,1.0
QTWO,5,,,
GCT,5,,,
LII,5,,,
LLY,5,-0.09883449999999999,2.0,0.0
RLJ,5,,,
FENY,5,,,
CPRI,5,-0.17728866666666665,3.0,0.0
SNPS,5,,,
LNC,5,0.1027258,5.0,0.8
LMT,5,,,
WHR,5,0.07784400000000001,2.0,1.0
COUR,5,,,
CPNG,5,,,
DYN,5,-0.457238,1.0,0.0
FMX,5,,,
FOUR,5,-0.015827,2.0,0.0
LYFT,5,-0.02057933333333334,3.0,0.6666666666666666
WLDN,5,-0.14113266666666666,3.0,0.0
GE,5,-0.014503,1.0,0.0
NATL,5,,,
FOXA,5,0.0539135,2.0,1.0
BOOT,5,-0.2405625,2.0,0.0
AGIO,5,-0.1343605,2.0,0.0
MWH,5,,,
RGEN,5,,,
AKRE,5,-0.0664995,2.0,0.0
TPC,5,,,
TME,5,-0.066825,1.0,0.0
TLN,5,-0.051849,1.0,0.0
TKO,5,-0.1341015,2.0,0.0
WLTH,4,,,
ALGT,4,,,
MHK,4,,,
MDGL,4,-0.09949375,4.0,0.25
VRSK,4,,,
ARCT,4,,,
WK,4,0.238363,3.0,1.0
MRK,4,,,
MMM,4,,,
NAMS,4,-0.21014,1.0,0.0
LVS,4,-0.09480133333333333,3.0,0.0
VTR,4,,,
BITO,4,0.1131015,2.0,1.0
BKV,4,,,
LOGI,4,,,
NGVT,4,,,
LOAR,4,-0.18934099999999998,2.0,0.0
BBT,4,,,
VICI,4,-0.17087633333333332,3.0,0.0
BBVA,4,-0.085989,1.0,0.0
VIK,4,-0.19343225,4.0,0.0
VITL,4,-0.130614,5.0,0.0
VLTO,4,,,
VNOM,4,,,
VALE,4,,,
UTZ,4,,,
BE,4,-0.18939,1.0,0.0
TRI,4,,,
TREE,4,,,
CECO,4,,,
CEF,4,-0.022802,2.0,0.5
TRMD,4,,,
OPLN,4,-0.07181333333333333,3.0,0.0
CDNS,4,-0.10824,2.0,0.0
CCOI,4,,,
CNXC,4,,,
TEVA,4,,,
CHH,4,,,
TPG,4,0.06729500000000001,3.0,1.0
CG,4,0.030876,3.0,0.6666666666666666
TSCO,4,,,
KYMR,4,,,
BTSG,4,,,
BWA,4,,,
TXN,4,,,
CBOE,4,-0.008564666666666665,3.0,0.3333333333333333
CACI,4,,,
TYL,4,,,
LPX,4,,,
NWPX,4,,,
NVO,4,-0.166875,2.0,0.0
LUV,4,,,
LMAT,4,,,
NOMD,4,,,
NOV,4,,,
NTCT,4,,,
PPLT,4,,,
EMN,4,,,
EHC,4,,,
DOC,4,,,
PTGX,4,0.041172,2.0,1.0
PSN,4,,,
HXL,4,-0.13668950000000002,2.0,0.0
ESE,4,,,
GTLB,4,0.287423,1.0,1.0
SANM,4,,,
SDGR,4,,,
RARE,4,,,
EWG,4,,,
GRND,4,,,
EYE,4,,,
SGOL,4,,,
FTDR,4,,,
FRSH,4,,,
GBTC,4,0.1211875,2.0,1.0
XMTR,4,,,
ADNT,4,,,
WWW,4,,,
YUMC,4,,,
ALG,4,,,
ACVA,4,,,
ADI,4,-0.132764,1.0,0.0
RCUS,4,,,
REPX,4,,,
FLYW,4,,,
FLR,4,-0.01778533333333333,3.0,0.3333333333333333
RVLV,4,-0.103023,1.0,0.0
XSD,4,,,
PAY,4,-0.207252,1.0,0.0
PATH,4,0.005458999999999999,4.0,0.75
SXT,4,,,
CURB,4,,,
PEGA,4,0.11460225,4.0,0.75
ILMN,4,-0.01578733333333333,3.0,0.3333333333333333
IEO,4,,,
CVX,4,,,
SLNO,4,,,
SLM,4,,,
DKS,4,-0.37405025000000003,4.0,0.0
HQY,4,-0.0036923333333333253,3.0,0.6666666666666666
HROW,4,-0.260196,1.0,0.0
HRI,4,0.1502935,2.0,1.0
PK,4,,,
PKX,4,,,
CRM,4,,,
CRAK,4,,,
IMNM,4,-0.024794,1.0,0.0
COLB,4,,,
TDC,4,-0.008494666666666668,3.0,0.3333333333333333
CNI,4,,,
OTF,4,-0.0929155,2.0,0.0
IEX,4,,,
OUNZ,4,,,
BLTE,3,,,
BRSL,3,,,
BOBS,3,-0.15570466666666666,3.0,0.0
URA,3,,,
URBN,3,,,
BIIB,3,,,
UPWK,3,,,
PACS,3,,,
CNS,3,,,
TECK,3,,,
TEM,3,0.17556566666666665,3.0,0.6666666666666666
TFPM,3,,,
TEX,3,-0.1194185,2.0,0.0
TMUS,3,,,
CHDN,3,,,
KALU,3,,,
KBH,3,,,
TOST,3,0.072729,2.0,1.0
KN,3,,,
TRU,3,,,
ORCL,3,-0.0708295,2.0,0.0
KD,3,,,
KBR,3,,,
KMPR,3,,,
NVST,3,-0.062586,1.0,0.0
KSPI,3,-0.124291,1.0,0.0
NXPI,3,-0.09651,1.0,0.0
KTB,3,,,
LEA,3,,,
UFPT,3,,,
UBS,3,-0.030705333333333334,3.0,0.0
CAE,3,,,
CAH,3,,,
CALX,3,,,
CCK,3,,,
CCB,3,,,
JLL,3,,,
JETS,3,-0.037129999999999996,2.0,0.0
OHI,3,,,
NOC,3,-0.061363,1.0,0.0
LIT,3,,,
LGIH,3,,,
MSI,3,,,
VSCO,3,,,
ATRC,3,,,
ARKG,3,,,
MIDD,3,,,
ALNT,3,,,
AMRC,3,,,
AMPL,3,,,
WRLD,3,,,
MOG-A,3,,,
WHD,3,,,
VVV,3,-0.185387,1.0,0.0
VREX,3,,,
BH-A,3,,,
MATX,3,,,
NFLX,3,-0.066735,1.0,0.0
BALL,3,,,
LPLA,3,,,
VC,3,,,
BH,3,,,
BEKE,3,-0.11788649999999999,2.0,0.0
BLBD,3,,,
IBM,3,-0.066749,1.0,0.0
PDBC,3,,,
IESC,3,,,
IXC,3,,,
PCAR,3,-0.112162,1.0,0.0
TCOM,3,-0.189476,1.0,0.0
CPAY,3,,,
PRCT,3,-0.240926,1.0,0.0
GPN,3,,,
GPOR,3,,,
DHI,3,,,
DNLI,3,-0.304327,1.0,0.0
HODL,3,,,
HURN,3,,,
SNDX,3,-0.149196,1.0,0.0
SOXQ,3,,,
SOC,3,-0.279444,1.0,0.0
SOBO,3,,,
SNN,3,,,
DGII,3,,,
DCO,3,,,
DBX,3,,,
PLNT,3,,,
CWAN,3,,,
CWEN,3,,,
CX,3,,,
CYTK,3,-0.147259,1.0,0.0
IBKR,3,-0.14552,1.0,0.0
ING,3,,,
PBH,3,-0.184714,1.0,0.0
PCG,3,,,
CVCO,3,-0.049035999999999996,2.0,0.0
STZ,3,-0.1393785,2.0,0.0
CTAS,3,,,
PHYS,3,,,
ICE,3,,,
IBP,3,-0.11434849999999999,2.0,0.0
IBN,3,,,
HEI,3,,,
GO,3,,,
GKOS,3,0.030371,1.0,1.0
RBA,3,-0.064956,1.0,0.0
RBC,3,,,
EXC,3,,,
ET,3,,,
SAM,3,,,
SAIL,3,-0.0421905,2.0,0.0
GSG,3,,,
GRMN,3,,,
SBUX,3,,,
SKYW,3,-0.077005,1.0,0.0
DT,3,,,
SHOP,3,,,
SE,3,,,
PUK,3,,,
HELP,3,,,
RDVT,3,0.079514,1.0,1.0
RDNT,3,,,
REZI,3,-0.139047,1.0,0.0
FG,3,,,
FFIV,3,-0.063826,1.0,0.0
RNA,3,,,
RIO,3,,,
EXPO,3,,,
RSG,3,,,
FLS,3,,,
FXI,3,,,
AES,3,,,
AIG,3,,,
ACLX,3,,,
ABNB,3,0.010731666666666667,3.0,0.3333333333333333
ZYME,2,,,
ACAD,2,,,
ZTO,2,-0.080278,1.0,0.0
ACIW,2,,,
ADC,2,,,
AAPL,2,,,
Z,2,,,
ABM,2,,,
ZION,2,-0.06891,1.0,0.0
MRX,2,,,
MRP,2,-0.16769,1.0,0.0
MPTI,2,-0.114423,1.0,0.0
MORN,2,,,
WEAV,2,,,
ARGX,2,-0.139226,1.0,0.0
APLE,2,,,
FBIN,2,,,
FERG,2,,,
FER,2,,,
RING,2,,,
FLUT,2,,,
FLO,2,,,
APG,2,-0.161425,1.0,0.0
ASO,2,,,
ARQT,2,,,
WAL,2,-0.073156,1.0,0.0
VZ,2,0.048282,1.0,1.0
VVX,2,,,
VSXY,2,,,
AUPH,2,-0.058164,1.0,0.0
RAPP,2,,,
QDEL,2,,,
GIL,2,,,
GFF,2,,,
SA,2,,,
MEDP,2,,,
MDB,2,0.2308145,2.0,1.0
VNT,2,,,
VNO,2,,,
AZZ,2,,,
AXTA,2,,,
AXS,2,,,
AX,2,,,
BABA,2,,,
BHC,2,-0.19266299999999997,2.0,0.0
PYPL,2,,,
PTF,2,,,
GTY,2,,,
EPR,2,,,
SAH,2,,,
FUTU,2,,,
NCNO,2,,,
M,2,,,
VEEV,2,,,
VCTR,2,,,
V,2,,,
BLFS,2,,,
BLDR,2,-0.2235035,2.0,0.0
LTM,2,,,
EMR,2,,,
ELAN,2,-0.087142,1.0,0.0
SHEL,2,,,
ESAB,2,-0.234101,1.0,0.0
ERIE,2,,,
EQH,2,,,
GMAB,2,,,
GM,2,0.0022184999999999983,2.0,0.5
KURA,2,,,
KSTR,2,-0.1254495,2.0,0.0
KSS,2,,,
UFO,2,,,
BXMT,2,,,
BWMN,2,,,
BV,2,-0.114529,1.0,0.0
BURL,2,-0.314543,2.0,0.0
HCSG,2,,,
GWW,2,,,
SKWD,2,,,
EIX,2,,,
EFX,2,,,
ED,2,,,
ECH,2,,,
BTI,2,,,
CALM,2,,,
BZH,2,,,
TWO,2,,,
CASH,2,,,
JJSF,2,,,
JHX,2,,,
OMCL,2,,,
HSIC,2,,,
DBC,2,,,
SMA,2,-0.1271465,2.0,0.0
SLDE,2,-0.099281,1.0,0.0
DJCO,2,,,
PRG,2,,,
OGC,2,,,
OC,2,,,
KNSA,2,,,
TSN,2,-0.1788225,2.0,0.0
TSLA,2,-0.119454,1.0,0.0
TRUP,2,,,
ISRG,2,,,
IRT,2,,,
OSIS,2,0.011923,1.0,1.0
CCXI,2,,,
TPB,2,,,
CHEF,2,,,
CHAT,2,,,
DAL,2,-0.113013,1.0,0.0
CXM,2,,,
CWK,2,,,
PNW,2,-0.19739400000000001,2.0,0.0
PIPR,2,,,
CMCSA,2,,,
CL,2,,,
TEN,2,,,
IOSP,2,,,
INTU,2,,,
PALL,2,-0.0673985,2.0,0.0
OWL,2,,,
OSK,2,-0.001468,1.0,0.0
JEF,2,,,
ITRI,2,,,
TBBB,2,,,
CPER,2,,,
CRNX,2,,,
CRL,2,-0.07132,2.0,0.0
CRI,2,,,
IMAX,2,,,
PGR,2,,,
ICUI,2,-0.147089,1.0,0.0
CSW,2,,,
STOK,2,,,
STEP,2,,,
SRRK,2,,,
DAPP,2,,,
PCTY,2,,,
CRAI,2,,,
SW,2,,,
SUNC,2,,,
CUK,2,,,
CTSH,2,,,
PII,2,,,
WMS,2,,,
ALKT,2,,,
ALH,2,-0.16324133333333332,3.0,0.0
AMX,2,,,
AMGN,2,,,
MICC,2,-0.111914,1.0,0.0
MIAX,2,0.00466,2.0,1.0
MTCH,2,,,
FUBO,2,,,
XBI,2,,,
AGCO,2,-0.019436999999999996,2.0,0.5
AFL,2,,,
ALGN,2,,,
MNRO,1,,,
AHCO,1,,,
AHR,1,-0.067629,1.0,0.0
ADUS,1,,,
WU,1,,,
XME,1,,,
XOM,1,,,
GBX,1,,,
GEHC,1,,,
GENI,1,,,
FSV,1,,,
MTH,1,,,
MKL,1,,,
ANIP,1,,,
ALLY,1,-0.07377,1.0,0.0
AM,1,,,
WSFS,1,,,
WTRG,1,,,
MMS,1,,,
SUNB,1,,,
SUPN,1,-0.090202,1.0,0.0
SVIX,1,,,
SVV,1,-0.199607,1.0,0.0
SXI,1,-0.140291,1.0,0.0
SYF,1,-0.011637,1.0,0.0
IPAR,1,,,
PBW,1,,,
PCRX,1,,,
SPSC,1,,,
SSB,1,,,
STLA,1,,,
STRA,1,,,
CSX,1,,,
HZO,1,-0.050174,1.0,0.0
PEG,1,,,
PHG,1,,,
PICK,1,,,
CRBG,1,,,
COLM,1,,,
TAC,1,,,
TAK,1,,,
JANX,1,,,
OSW,1,,,
OXM,1,,,
OZK,1,-0.120833,1.0,0.0
PAGS,1,,,
CNMD,1,,,
CNP,1,,,
COCO,1,,,
TFC,1,-0.088492,1.0,0.0
CIGI,1,,,
CLBK,1,,,
CLDX,1,,,
HIW,1,,,
HON,1,,,
PLMR,1,,,
PNFP,1,-0.089056,1.0,0.0
DBRG,1,-0.064566,1.0,0.0
DDS,1,,,
DEO,1,,,
SO,1,,,
SOLV,1,,,
SONO,1,,,
SONY,1,,,
CHA,1,,,
CHD,1,,,
CHE,1,,,
TILE,1,-0.147519,1.0,0.0
TNET,1,,,
JOE,1,,,
KB,1,,,
OMF,1,0.051499,1.0,1.0
ONB,1,-0.104459,1.0,0.0
ORA,1,,,
ORI,1,,,
ITIC,1,,,
CEG,1,,,
CFG,1,-0.074386,1.0,0.0
TRMK,1,,,
TSM,1,0.02978,1.0,1.0
KIM,1,,,
KLAC,1,,,
OKE,1,,,
PRK,1,,,
PRKS,1,-0.298153,1.0,0.0
PRLB,1,,,
DHR,1,,,
DIS,1,,,
DLO,1,,,
SMG,1,,,
SMH,1,,,
SMPL,1,,,
HG,1,,,
OLED,1,,,
CASY,1,-0.293969,1.0,0.0
CBSH,1,,,
CCEP,1,,,
TW,1,,,
TXNM,1,,,
C,1,-0.01303,1.0,0.0
CAG,1,,,
EE,1,,,
EFOR,1,,,
DOLE,1,,,
DRI,1,,,
DV,1,,,
GWRE,1,0.082881,1.0,1.0
HAPN,1,-0.282982,1.0,0.0
HEI-A,1,,,
HESM,1,,,
UAL,1,,,
ULTA,1,,,
LECO,1,-0.114407,1.0,0.0
LEN,1,,,
LEVI,1,,,
LGND,1,-0.025952,1.0,0.0
NUVL,1,,,
NVR,1,,,
GLTR,1,0.032735,1.0,1.0
EQPT,1,-0.124384,1.0,0.0
ESI,1,-0.09531,1.0,0.0
SHOO,1,,,
SIG,1,,,
ELV,1,0.006334,1.0,1.0
ENR,1,,,
DY,1,,,
LMB,1,,,
NOW,1,,,
NPK,1,,,
NSSC,1,,,
LBTYA,1,,,
LDOS,1,,,
BMI,1,,,
BP,1,,,
BPOP,1,-0.079684,1.0,0.0
UPBD,1,,,
USPH,1,,,
VCEL,1,-0.097978,1.0,0.0
BELFA,1,,,
BEP,1,,,
BF-B,1,,,
BFH,1,,,
LZ,1,,,
MASI,1,,,
MAT,1,,,
MCD,1,-0.218271,1.0,0.0
NGG,1,,,
NLR,1,,,
NMRK,1,,,
LOW,1,,,
FWRG,1,,,
ETHB,1,,,
EWT,1,,,
EWZ,1,-0.111602,1.0,0.0
SAP,1,,,
SBH,1,,,
EPRT,1,,,
GSK,1,,,
GTLS,1,,,
GLPI,1,,,
BAH,1,,,
BAM,1,0.025856,1.0,1.0
BC,1,,,
BCO,1,,,
VLUE,1,,,
VLY,1,-0.081221,1.0,0.0
VMRK,1,,,
AXGN,1,,,
AZN,1,,,
AZO,1,,,
VOYA,1,-0.015863,1.0,0.0
VRDN,1,,,
ATAT,1,,,
MLI,1,,,
MLPI,1,,,
MMED,1,-0.14036,1.0,0.0
MCY,1,,,
MDA,1,,,
MDLZ,1,,,
MDU,1,,,
META,1,,,
MGNI,1,,,
FBK,1,,,
FCNCA,1,,,
RPD,1,,,
RRR,1,-0.181669,1.0,0.0
RUSHA,1,,,
RVTY,1,,,
GNL,1,,,
GFL,1,,,
GHM,1,,,
GIS,1,,,
RACE,1,-0.100712,1.0,0.0
LYV,1,,,
ATKR,1,,,
ATMU,1,,,
VTRS,1,,,
VYX,1,,,
WBS,1,,,
ARKX,1,,,
AORT,1,,,
REG,1,,,
FND,1,,,
RL,1,-0.155738,1.0,0.0
RMD,1,,,
ROAD,1,,,
FEZ,1,,,
FFBC,1,,,
FHN,1,,,
EXLS,1,,,
EYPT,1,-0.212536,1.0,0.0
ARE,1,-0.054445,1.0,0.0
WDAY,1,,,
WELL,1,,,
WERN,1,,,
WFC,1,-0.107974,1.0,0.0
WINA,1,-0.059246,1.0,0.0
WKC,1,,,
MO,1,,,
MSM,1,,,
ABBV,1,,,
ZG,1,,,
XXI,1,,,
ACGL,1,,,
