sector,count,avg_edge,max_edge,horizon
Unknown,5,1.379909360117209,5.656088386180942,120d
Communication Services,7,0.4447255989699564,0.8734239705333395,120d
Healthcare,36,0.42035764980947277,1.144009206820116,120d
Industrials,10,0.40603342873400267,0.9436613448952759,120d
Materials,3,0.4037271693403834,0.4681028898395726,120d
Technology,39,0.3912483022248692,0.8581545229230604,120d
Biotech,6,0.35005598654749664,0.5195295356139075,120d
Semiconductors,4,0.34855944499510755,0.5516957025813531,120d
Energy,16,0.3189636829586241,0.4297917880903759,120d
Utilities,1,0.30821460205185325,0.30821460205185325,120d
Consumer Staples,2,0.2816530092758927,0.3386812754377848,120d
Financials,3,0.2768435496215194,0.3627794414658919,120d
Real Estate,2,0.2744038199775205,0.2984608108374204,120d
Consumer Discretionary,5,0.2539509517966937,0.2881063714537876,120d
Unknown,7,0.10898498858662413,0.38179408123813696,20d
Semiconductors,1,0.0966735069546667,0.0966735069546667,20d
Technology,30,0.09167969432822716,0.4082154514218248,20d
Healthcare,8,0.08706001670497876,0.1907633546533578,20d
Energy,50,0.08551820956925205,0.1848570122779205,20d
Materials,9,0.07968503276001626,0.12667067097819762,20d
Biotech,1,0.07906917597340013,0.07906917597340013,20d
Communication Services,4,0.07825785203358993,0.11765227798049682,20d
Consumer Discretionary,7,0.07133567413813849,0.11103937866269653,20d
Industrials,12,0.06794525576475884,0.08873057926048677,20d
Utilities,1,0.0679277553733929,0.0679277553733929,20d
Consumer Staples,6,0.06493414252954967,0.07833199980649663,20d
Real Estate,2,0.06337027657764738,0.07080531217128583,20d
Financials,1,0.06146806156252105,0.06146806156252105,20d
Energy,1,0.055724662919590995,0.055724662919590995,5d
Technology,2,0.051475236163018134,0.05253747781615947,5d
Materials,1,0.0513262284708389,0.0513262284708389,5d
Utilities,1,0.3612032428980849,0.3612032428980849,60d
Real Estate,1,0.3235771468920755,0.3235771468920755,60d
Unknown,7,0.27319852953555707,0.725075929453968,60d
Semiconductors,6,0.2492370521106477,0.49175569458590174,60d
Healthcare,18,0.24417594125156988,0.44249651357997744,60d
Technology,48,0.24359355108620537,0.5815712439069902,60d
Energy,18,0.20740064368366104,0.4325010252295818,60d
Communication Services,7,0.20151921504018624,0.299077023460547,60d
Industrials,12,0.19294355618124218,0.3530089347225811,60d
Materials,12,0.17623206456158572,0.24819234570352244,60d
Biotech,2,0.16854223002280994,0.20180264805565118,60d
Consumer Staples,3,0.16646696759070442,0.2092263418119421,60d
Consumer Discretionary,4,0.15046809297143962,0.17617582975355095,60d
